Pre-Exp Factor Coeff,Pre-Exp Factor Power,Activation Energy,Reactant 1,Reactant 2,Reactant 3,Product 1,Product 2,Product 3
,,,[None],,,1-Germacyclobutene,,
2.47,13.0,-13012.0,[None],,,2-Phenylethenyl,,
,,,['O1NC(C1)=O'],,,HCN,CO_2,
1.16,12.0,-129118.0,[None],,,"Bicyclo[4.2.0]octa-2,4,6-trien-1-yl",,
1.27,13.0,-74517.0,[None],,,2-Phenylethenyl,,
3.92,13.0,-158072.0,[None],,,2-((.))C_6H_4C_2H_3,,
,,,[None],,,"1,5-Cyclooctadiene (unspecified)",Cu(hfac),
1.84,9.0,-225099.0,['C(CC#CC)=O'],,,2-Methylfuran,,
,,,[None],,,H(.)C=C=C=C=C(.)H,,
3.16,14.0,-149660.0,[None],,,Mn,"Cyclopentadienyl, methyl-",
3.07,20.0,-191233.0,[None],,,SiO,"Cyclotrisiloxane-2,4,6-triylidene-",
6.87,13.0,-189911.0,[None],,,3-Methylbenzyl,,
1.66,4.0,,[None],,,Ethyl benzoate,2-C_3H_7,
1.2,1.0,,[None],,,Ethyl benzoate,2-C_3H_7,
1.38,3.0,,[None],,,Benzoic acid 1-methylethyl ester,(.)CH_3,
4.0,1.0,,[None],,,Benzoic acid 1-methylethyl ester,(.)CH_3,
2.13,2.0,,[None],,,Methylbenzoate,(.)C_2H_5,
,,,[None],,,Methylbenzoate,(.)C_2H_5,
2.0,-12.0,-4870.0,[None],,,Products,,
1.45,-11.0,,[None],,,(CH_3)3CC(O)O,(CH_3)3CC(O)O,O_2
8.34,12.0,-187076.0,['C(C)(=O)OC(C1=CC(=CC=C1)F)C'],,,CH_3C(O)OH,"Benzene, 1-ethenyl-3-fluoro-",
,,,[None],,,Products,,
1.5,14.0,-112245.0,[None],,,CH_2=CHSi(CH_3)3,Cu(hfac),
4.8,18.0,-139683.0,[None],,,CH_2=CHSi(CH_3)3,Cu(hfac),
2.9,16.0,-139683.0,[None],,,CH_2=CHSi(CH_3)3,Cu(hfac),
6.31,10.0,-144672.0,[None],,,Isobutene,"Benzenesulfenothioic acid, 4-fluoro-",
2.88,-13.0,-184581.0,[None],,,Isobutene,"Benzenesulfenothioic acid, 4-nitro-",
,,,[None],,,2-butyne,Cu(hfac),
1.43,-5.0,,[None],,,"Cyclopentene-3,4,5-d_3, 1-(1,1-dimethylethyl)-(3α,4β,5α)-",,
,,,[None],,,(CH_3)3P,Cu(hfac),
,,,['N(=O)C=C=O'],,,Oxazetone,,
,,,['N(=O)C=C=O'],,,CO,HC-N=O,
2.95,10.0,-27188.0,[None],,,"Bicyclo[3.2.0]hept-1-ene,7-methylene",,
3.0,12.0,-38662.0,[None],,,Naphthalene,NO_3,
5.0,5.0,,[None],,,Naphthalene,NO_3,
1.6,6.0,,[None],,,Naphthalene,NO_3,
5.89,13.0,-188739.0,[None],,,"Cyclopentane, 1-ethoxy-",,
6.4,11.0,-74894.0,[None],,,3-Cyclopenten-1-ylmethyl,,
1.1,12.0,-94140.0,[None],,,2-Cyclohexenyl,,
6.3,12.0,-172799.0,[None],,,"1,3,5-Hexatriene",H(.),
3.36,17.0,-195393.0,[None],,,"1,3-Butadiene",C_2H_3,
3.8,-4.0,,[None],,,(.)CH_2-cyc-CHCH=CHCH_2CH_2,,
1.0,-5.0,,[None],,,Naphthalene,H_2,
3.71,15.0,-326013.0,[None],,,9H-fulvalenyl,H(.),
5.95,15.0,-327461.0,[None],,,9H-fulvalenyl,H(.),
4.41,12.0,-292093.0,[None],,,9H-naphthalenyl,H(.),
5.31,12.0,-292717.0,[None],,,9H-naphthalenyl,H(.),
1.02,12.0,-153818.0,['CC(C)(C)OC(=O)C1=COC=C1'],,,Isobutene,3-Furancarboxylic acid,
1.02,12.0,-152986.0,['CC(C)(C)OC(=O)C1=CSC=C1'],,,3-Thiophenecarboxylic acid,Isobutene,
5.75,13.0,-194559.0,['CC(C)OC(=O)C1=COC=C1'],,,CH_3CH=CH_2,3-Furancarboxylic acid,
4.17,13.0,-192896.0,['CC(C)OC(=O)C1=CSC=C1'],,,3-Thiophenecarboxylic acid,CH_3CH=CH_2,
7.94,12.0,-182087.0,['CC(C)OC(=O)C1=CC=NC=C1'],,,4-Pyridinecarboxylic acid,CH_3CH=CH_2,
,,,[None],,,Products,,
4.63,-6.0,,['CC(C(=C)[C@H]1[C@@H](C1)C)(C)C'],,,"Cyclopentene, 1-(1,1-dimethylethyl)-4-methyl-(R)-",,
5.0,-1.0,,['CC(C(=C)[C@H]1[C@@H](C1)C)(C)C'],,,"Cyclopentene, 1-(1,1-dimethylethyl)-4-methyl-(R)-",,
1.51,-5.0,,['CC(C(=C)[C@H]1[C@@H](C1)C)(C)C'],,,Products,,
1.05,-5.0,,['CC(C(=C)[C@H]1[C@@H](C1)C)(C)C'],,,CH_2=CHCH_2CH=C(CH_3)C(CH_3)3-(E),,
3.75,-5.0,,[None],,,Products,,
3.54,-5.0,,[None],,,"CH_3CH=CHCH_2CH=CD_2, (E)-",,
2.1,-7.0,,[None],,,"Cyclopentene-3,3-d_2, 4-methyl-",,
1.31,-5.0,,[None],,,Products,,
9.18,-6.0,,[None],,,CD_2=CHCH_2CH=C(CD_3)C(CH_3)3,,
3.88,-6.0,,[None],,,"Cyclopentene-5,5-d_2, 1-(1,1-dimethylethyl)-4-(methyl-d_3)-",,
1.36,-5.0,,[None],,,Products,,
9.35,-6.0,,[None],,,CD_2=CHCH_2CH=C(CH_2D)C(CH_3)3,,
4.28,-6.0,,[None],,,"Cyclopentene, 1-(1,1-dimethylethyl))-4-(methyl-d_3)-(R)-",,
2.0,11.0,-172941.0,['C[Si]1(CC(=C(C1)C)C)C(C=C)C'],,,"Silacyclopent-3-ene, 1-(2-butenyl)-1,3,4-trimethyl-, (Z)-",,
3.98,11.0,-176267.0,['C[Si]1(CC(=C(C1)C)C)C(C=C)C'],,,"Silacyclopent-3-ene, 1-(2-butenyl)-1,3,4-trimethyl-, (E)-",,
7.31,-12.0,,[None],,,Products,,
1.9,-1.0,-209525.0,['BrCCN1N=CC=C1'],,,Pyrazole,CH_2=CHBr,
8.3,11.0,-70291.0,[None],,,"2,5-Hexadienyl",,
1.4,13.0,-126357.0,[None],,,5-Methyl-2-cyclopenten-2-yl,,
1.34,-4.0,,[None],,,"Cyclopropane-1,2,d_2, cis-",,
5.4,-2.0,,[None],,,"Cyclopropane-1,2,d_2, cis-",,
2.57,12.0,-168784.0,['CC(C)OC(=C)C1=CC(=CC=C1)[N+](=O)[O-]'],,,"Ethanone, 1-(4-nitrophenyl)-",CH_3CH=CH_2,
1.3,-4.0,,['C[Si]1([C@H]([C@H](C1)C)C)C'],,,"trans-1,1,2,3-tetramethylsilacyclobutane",,
6.92,-6.0,,['C[Si]1([C@H]([C@H](C1)C)C)C'],,,(E)-2-C_4H_8,(CH_3)2Si=CH_2,
3.0,-5.0,,['C[Si]1([C@H]([C@H](C1)C)C)C'],,,(Z)-2-C_4H_8,(CH_3)2Si=CH_2,
7.05,-4.0,,['C[Si]1([C@H]([C@H](C1)C)C)C'],,,Products,,
2.4,-5.0,,['C[Si]1([C@H]([C@@H](C1)C)C)C'],,,"Silacyclobutane, 1,1,2,3-tetramethyl-, cis-",,
1.45,-5.0,,['C[Si]1([C@H]([C@@H](C1)C)C)C'],,,(E)-2-C_4H_8,(CH_3)2Si=CH_2,
2.5,-6.0,,['C[Si]1([C@H]([C@@H](C1)C)C)C'],,,(Z)-2-C_4H_8,(CH_3)2Si=CH_2,
2.01,-4.0,,['C[Si]1([C@H]([C@@H](C1)C)C)C'],,,Products,,
1.45,-6.0,-48557.0,[None],,,Cyclopentene,NF_2,
7.24,10.0,-41822.0,[None],,,Cyclopentene,NF_2,
6.02,21.0,-40990.0,[None],,,Cyclopentene,NF_2,
3.09,14.0,-217839.0,[None],,,"1,3-Cyclohexadiene",(Z)-CH_3CH=CHCN,
4.57,13.0,-236962.0,[None],,,Other Products,C_2H_4,
6.92,14.0,-223659.0,[None],,,"1,3-Cyclohexadiene",(Z)-CH_3CH=CHCN,
2.82,14.0,-246940.0,[None],,,Other Products,C_2H_4,
1.45,14.0,-223659.0,[None],,,"1,3-Cyclohexadiene",(E)-CH_3CH=CHCN,
3.39,13.0,-235300.0,[None],,,Other Products,C_2H_4,
2.29,14.0,-222828.0,[None],,,"1,3-Cyclohexadiene",(E)-CH_3CH=CHCN,
2.75,14.0,-243614.0,[None],,,Other Products,C_2H_4,
,,,['C1(CC1)C#CC#CC1CC1'],,,Products,,
1.05,13.0,-226985.0,['ClCCC1=C(C=CC=C1)O'],,,"Phenol, 2-ethenyl-",HCl,
3.8,12.0,-218710.0,['ClCCC1=C(C=CC=C1)O'],,,"Phenol, 2-ethenyl-",HCl,
5.25,13.0,-224491.0,['ClCCC1=C(C=CC=C1)O'],,,"Benzofuran, 2,3-dihydro",HCl,
1.9,13.0,-209150.0,['ClCCC1=C(C=CC=C1)O'],,,"Benzofuran, 2,3-dihydro",HCl,
7.08,13.0,-225322.0,['ClCCC1=C(C=CC=C1)O'],,,Other Products,HCl,
5.89,11.0,-160469.0,['ClC1=CC=C(C=C1)C(=C)OC(C)C'],,,"Ethanone, 1-(4-chlorophenyl)-",CH_3CH=CH_2,
1.58,13.0,-186244.0,['CC(C)OC(=O)C=1SC=CC1'],,,CH_3CH=CH_2,2-Thiophenecarboxylic acid,
3.98,13.0,-48557.0,['CC1[SiH2]C1C'],,,C_2H_5CH(CH_3)SiH,,
3.0,4.0,-48141.0,['CC1[SiH2]C1C'],,,CH_3CH=CHCH_3,SiH_2,
7.94,17.0,-96448.0,['CC1[SiH2]C1C'],,,CH_3CH=CHCH_3,SiH_2,
6.31,10.0,-160469.0,['C(=C)C1C(CC1)(C)C'],,,(Z)-CH_3CH=CH(CH_2)2C(CH_3)=CH_2,,
3.39,12.0,-185413.0,['C(=C)C1C(CC1)(C)C'],,,"Cyclohexene, 4,4-dimethyl-",,
1.75,12.0,-187907.0,['C(=C)C1C(CC1)(C)C'],,,CH_2=CH(CH_2)3C(CH_3)=CH_2,,
1.22,15.0,-199547.0,['C(=C)C1C(CC1)(C)C'],,,"1,3-Butadiene",Isobutene,
2.67,14.0,-191233.0,['C(=C)C1C(CC1)(C)C'],,,Products,,
2.7,13.0,-169615.0,['CC(C)(OC1=NC=CC=N1)C'],,,Isobutene,2(1H)-Pyrimidinone,
6.31,12.0,-185413.0,['C(C)(=O)N(C(C)=O)C1=CC=CC=C1'],,,N-Phenylacetamide,H_2C=C=O,
6.31,12.0,-156312.0,['CC1(C=C1[Si](C)(C)C)C'],,,(CH_3)3SiC≡CCH(CH_3)2,E-(CH_3)3SiCH=CHC(CH_3)=CH_2,
3.01,12.0,-45231.0,['[N+](=O)([O-])C1=CC=C(C=C1)SC(OCC)=O'],,,Other Products,C_2H_4,
2.32,12.0,-45231.0,['C(C)OC(SC1=CC(=CC=C1)Cl)=O'],,,Other Products,C_2H_4,
3.1,12.0,-45730.0,['C(C)OC(SC1=CC=C(C=C1)Cl)=O'],,,Other Products,C_2H_4,
2.49,12.0,-45896.0,[None],,,Other Products,C_2H_4,
5.3,13.0,-48900.0,[None],,,CO,((.))CH_2OH,
3.0,4.0,,[None],,,CO,CH_3O(.),
1.05,15.0,-247771.0,[None],,,(CH_3)2CHCH=CH_2,"1,3-Cyclohexadiene",
6.76,14.0,-246940.0,[None],,,C_2H_4,"1,3-Cyclohexadiene, 5-(1-methylethyl)-",
1.29,15.0,-246940.0,[None],,,1-C_4H_8,"1,3-Cyclohexadiene",
2.88,15.0,-250266.0,[None],,,C_2H_4,"1,3-Cyclohexadiene. 5-ethyl-",
1.66,15.0,-244445.0,[None],,,1-C_4H_8,"1,3-Cyclohexadiene",
8.71,14.0,-241120.0,[None],,,C_2H_4,"1,3-Cyclohexadiene. 5-ethyl-",
1.1,15.0,-240288.0,[None],,,(CH_3)2CHCH=CH_2,"1,3-Cyclohexadiene",
1.35,15.0,-241951.0,[None],,,C_2H_4,"1,3-Cyclohexadiene, 5-(1-methylethyl)-",
2.75,14.0,-196222.0,[None],,,Isobutene,"Benzenesulfenothioic acid, p-chloro-",
5.01,14.0,-207862.0,['FC1=C(C(C1(C(F)(F)F)F)(F)F)F'],,,(E)-CF_3CF=CFCF=CF_2,,
3.98,12.0,-153818.0,['FC1=C(C(C1(C(F)(F)F)F)(F)F)F'],,,(Z)-CF_3CF=CFCF=CF_2,,
3.98,13.0,-187076.0,[None],,,"(E,E)-(C_2F_5CF=CF)2",,
7.94,11.0,-113077.0,[None],,,"(Z,Z)-(C_2F_5CF=CF)2",,
6.98,12.0,-184581.0,['C(C)(=O)OC(C1=CC=C(C=C1)I)C'],,,CH_3C(O)OH,"Benzene, 1-ethenyl-4-iodo-",
3.15,17.0,-454300.0,['C1(=CCC=C1)O'],,,"2,4-cyclopentadienoxy",H(.),
,,,['C1(=CCC=C1)O'],,,hydroxycyclopentadienyl radical,H(.),
3.01,17.0,-304700.0,['C1(=CCC=C1)O'],,,hydroxycyclopentadienyl radical,H(.),
,,,['O1N(C1)O'],,,Products,,
1.17,12.0,-150492.0,['C(=C)C1C(C1(C)C)(C)C'],,,CH_2=C=CHC(CH_3)2C(CH_3)=CH_2,,
1.0,11.0,-178761.0,['C[Si]1(CC(=C(C1)C)C)CC=C'],,,CH_3CH=CH_2,"Silacyclopenta-2,4-diene, 1,3,4-trimethyl-",
1.26,12.0,-162132.0,['C(C=C)N(C1=CC=CC=C1)CC#C'],,,Products,,
1.66,-10.0,-187076.0,[None],,,Products,,
1.2,1.0,,[None],,,H_2,"1,3-Cyclopentadiene-5-d",
,,,['[N+](=O)([O-])N1CC(C1)([N+](=O)[O-])[N+](=O)[O-]'],,,NO_2,H_2C=N,CH_2=C(NO_2)2
,,,['[N+](=O)([O-])N1CC(C1)([N+](=O)[O-])[N+](=O)[O-]'],,,CH_2=C=CH_2,NO_2,NO_2
,,,['[N+](=O)([O-])N1CC(C1)([N+](=O)[O-])[N+](=O)[O-]'],,,CH_2=C=CH_2,NO_2,NO_2
9.12,13.0,-165458.0,['[N+](=O)([O-])N1CC(C1)([N+](=O)[O-])[N+](=O)[O-]'],,,Products,,
,,,['[N+](=O)([O-])N1CC(C1)([N+](=O)[O-])[N+](=O)[O-]'],,,trans-HONO,"2,3-dihydro-3,3-dinitroazete",
,,,['[N+](=O)([O-])N1CC(C1)([N+](=O)[O-])[N+](=O)[O-]'],,,trans-HONO,"1,2-dihydro-1,3-dinitroazete",
,,,['[N+](=O)([O-])N1CC(C1)([N+](=O)[O-])[N+](=O)[O-]'],,,CH_2=CNO_2,NO_2,H_2C=NNO_2
2.05,16.0,-154799.0,['[N+](=O)([O-])N1CC(C1)([N+](=O)[O-])[N+](=O)[O-]'],,,cyc-N((.))CH_2C(NO_2)2CH_2,NO_2,
2.57,16.0,-160004.0,['[N+](=O)([O-])N1CC(C1)([N+](=O)[O-])[N+](=O)[O-]'],,,cyc-C((.))(NO_2)CH_2N(NO_2)CH_2,NO_2,
1.85,13.0,-187026.0,['[N+](=O)([O-])N1CC(C1)([N+](=O)[O-])[N+](=O)[O-]'],,,cyc-CH_2N=CHC(NO_2)2,HNO_2,
2.73,13.0,-179351.0,['[N+](=O)([O-])N1CC(C1)([N+](=O)[O-])[N+](=O)[O-]'],,,cyc-CH_2N(NO_2)CH=C(NO_2),HNO_2,
2.15,13.0,-179160.0,['[N+](=O)([O-])N1CC(C1)([N+](=O)[O-])[N+](=O)[O-]'],,,((.))CH_2N(NO_2)CH_2C((.))(NO_2)2,,
,,,['[N+](=O)([O-])N1CC(C1)([N+](=O)[O-])[N+](=O)[O-]'],,,CH_2=NC(:)NO_2,NO_2,NO_2
3.0,-1.0,,['ClCCN1N=CC=C1'],,,CH_2=CHCl,Pyrazole,
1.31,-2.0,,['Cl[Si]1(CC(=C(C1)C)C)Cl'],,,CH_3CH=CHCH=CHCH_3,SiCl_2,
5.01,12.0,-193727.0,['C(C)(=O)N(C(C)=O)C1=CC=C(C=C1)[N+](=O)[O-]'],,,"Acetamide, N-(4-nitrophenyl)-",H_2C=C=O,
8.49,13.0,-81149.0,[None],,,Phenol,HO_2,
2.08,-10.0,-78655.0,[None],,,Adduct,,
1.26,14.0,-156312.0,['CC1=C(C(C1C)C)C'],,,"(E),(Z)-(CH_3CH=C(CH_3))2",,
7.18,13.0,-140515.0,['CC1=C(C(C1C)C)C'],,,Products,,
3.16,13.0,-251929.0,[None],,,"Silacyclopent-3-ene,1,1-dimethyl-",,
2.51,14.0,-251929.0,[None],,,"1,3-Butadiene",CH_2=SiHCH_3,
7.94,13.0,-161301.0,[None],,,Products,,
2.51,15.0,-212019.0,[None],,,"(E,E)-(CF_3CF=CF)2",,
1.26,12.0,-121391.0,[None],,,"(Z,Z)-(CF_3CF=CF)2",,
7.94,13.0,-159638.0,['FC1=C([C@@]([C@@]1(C(F)(F)F)F)(C(F)(F)F)F)F'],,,"(E,Z)-(CF_3CF=CF)2",,
,,,['C/1=C\\C=C/CCC1'],,,Bicyclo[3.2.0]hept-6-ene,,
1.0,15.0,,['CC=1C=C(C=C(C1)C)CCC1=CC(=CC(=C1)C)C'],,,"3,5-dimethylbenzyl radical","3,5-dimethylbenzyl radical",
,,,[None],,,"1,5-Cyclooctadiene (unspecified)",Cu(hfac),
2.47,10.0,-175310.0,['N(=[N+]=[N-])CCN(C)C'],,,CH_2=CHN(CH_3)2,HN_3,
1.0,10.0,-153971.0,['N(=[N+]=[N-])CCN(C)C'],,,3(CH_3)2NCH_2CH_2N:,N_2,
8.05,12.0,-159410.0,['N(=[N+]=[N-])CCN(C)C'],,,(CH_3)2NCH_2CH=NH,N_2,
1.01,11.0,-168197.0,['N(=[N+]=[N-])CCN(C)C'],,,cyc-N(CH_3)2CH_2CH_2N,N_2,
1.2,12.0,-172381.0,['N(=[N+]=[N-])CCN(C)C'],,,cyc-CH(N(CH_3)2)CH_2NH,N_2,
1.96,18.0,-328026.0,['N(=[N+]=[N-])CCN(C)C'],,,CH_3N((.))CH_2CH_2N_3,(.)CH_3,
1.72,17.0,-328026.0,['N(=[N+]=[N-])CCN(C)C'],,,(.)CH_2CH_2N_3,(CH_3)2N(.),
1.12,16.0,-294135.0,['N(=[N+]=[N-])CCN(C)C'],,,(.)CH_2N_3,CH_2N(CH_3)2,
3.51,17.0,-309198.0,['N(=[N+]=[N-])CCN(C)C'],,,(CH_3)2NCH_2CH_2(.),(.)N_3,
1.12,15.0,-376560.0,['N(=[N+]=[N-])CCN(C)C'],,,(.)CH_2N(CH_3)CH_2CH_2N_3,H(.),
8.06,14.0,-365263.0,['N(=[N+]=[N-])CCN(C)C'],,,(CH_3)2NCH((.))CH_2N_3,H(.),
1.15,15.0,-375723.0,['N(=[N+]=[N-])CCN(C)C'],,,(CH_3)2NCH_2CH((.))N_3,H(.),
1.6,9.0,-139000.0,['C[C@H](CCC=C)C=C(C)C'],,,Products,,
1.1,12.0,-181255.0,['C(C)(=O)OC(C(C)C)C(C)C'],,,Other Products,CH_3C(O)OH,
5.25,12.0,-160469.0,['C(C)(=O)OC(C1=CC(=CC=C1)Cl)C[Si](C)(C)C'],,,"Silane, [2-(3-chlorophenyl)ethenyl]trimethyl-",CH_3C(O)OH,
5.25,12.0,-158806.0,['C(C)(=O)OC(C1=CC=C(C=C1)Cl)C[Si](C)(C)C'],,,CH_3C(O)OH,"Silane, [2-(4-chlorophenyl)ethenyl]trimethyl-",
3.31,12.0,-157144.0,['C(C)(=O)OC(C1=CC=CC=C1)C[Si](C)(C)C'],,,CH_3C(O)OH,"Silane, trimethyl(2-phenylethenyl)-",
7.08,4.0,-147166.0,['C(C)(=O)OC(C1=CC=C(C=C1)C)C[Si](C)(C)C'],,,CH_3C(O)OH,"Silane, trimethyl[2-(4-methylphenyl)ethenyl]-",
1.55,12.0,-174604.0,['C(C)(=O)OCC[Si](C1=CC=CC=C1)(C)C'],,,CH_3C(O)OH,"Silane, ethenyldimethylphenyl-",
6.61,13.0,-231142.0,['ClCCC1CCCC1'],,,"Cyclopentane, ethenyl-",HCl,
5.79,-1.0,,[None],,,Cyclopentene-d_8,Cyclopentane-d_10,
1.08,12.0,-187907.0,['ClC1=NC=CC(=N1)OCC'],,,Other Products,C_2H_4,
3.16,12.0,-201210.0,['C(C)OC1=NC=C(C=C1)C'],,,C_2H_4,"2(1H)-Pyridinone, 5-methyl-",
1.55,12.0,-196222.0,['C(C)OC1=NC=CC(=C1)C'],,,C_2H_4,"2(1H)-Pyridinone, 4-methyl-",
1.91,12.0,-195390.0,['C(C)OC1=NC=CC=C1C'],,,C_2H_4,"2(1H)-Pyridinone, 3-methyl-",
2.14,12.0,-161301.0,['CC(C)(OC1=NC=CC=C1)C'],,,Isobutene,2(1H)-Pyridinone,
9.33,14.0,-167121.0,['CC=1N=NN(N1)CC(C)=O'],,,Other Products,N_2,
1.58,15.0,-187076.0,['CC1=NN=NN1CC(C)=O'],,,Other Products,N_2,
,,,[None],,,SiCl_2,SiCl_3,
2.0,12.0,-166200.0,['CC1=CC1C'],,,"Cyclopropene, 1-ethyl-",,
1.95,12.0,-166289.0,['CC1=CC1C'],,,"Cyclopropene, 1-ethyl-",,
1.8,13.0,-172400.0,['CC1=CC1C'],,,(E)-CH_2=CHCH=CHCH_3,,
1.8,13.0,-176400.0,['CC1=CC1C'],,,(Z)-CH_2=CHCH=CHCH_3,,
1.3,13.0,-162500.0,['CC1=CC1C'],,,C_2H_5C≡CCH_3,,
1.6,13.0,-185600.0,['CC1=CC1C'],,,CH_3CH=C=CHCH_3,,
2.3,13.0,-164000.0,['CC1=CC1C'],,,Products,,
2.29,13.0,-163795.0,['CC1=CC1C'],,,Products,,
1.86,13.0,-161301.0,['CC1=CC1C'],,,CH_3CH_2C(CH_3)=C:,,
1.9,13.0,-161600.0,['CC1=CC1C'],,,C_2H_5C(CH_3)C(:),,
7.76,12.0,-158806.0,['CC(C)(C)OC(=O)C1=CC=NC=C1'],,,4-Pyridinecarboxylic acid,Isobutene,
,,,[None],,,HCNCH,C_2H_2,
2.75,12.0,-155481.0,['C(C)(=O)OC(C1=CC(=CC=C1)C)C[Si](C)(C)C'],,,"Silane, trimethyl[2-(3-methylphenyl)ethenyl]-",CH_3C(O)OH,
1.0,14.0,-193727.0,['C123CC=CCC1(CC2)CC3'],,,"Cyclooctene, 4,7-bis(methylene)-",,
2.5,-5.0,,[None],,,Products,,
3.2,-5.0,,['FC1(C(C1)\\C=C/C)F'],,,Products,,
5.0,5.0,,[None],,,cyc-CH(OH)CH_2CH_2CH((.))CH_2CH_2CH_2,,
3.3,5.0,,[None],,,HC(O)CH_2CH_2CH_2CH_2CH_2CH_2(.),,
5.43,12.0,-46727.0,['C1(=CC=CC=C1)SC(OCC)=O'],,,Other Products,C_2H_4,
6.43,12.0,-46977.0,['CC1=CC=C(C=C1)SC(OCC)=O'],,,Other Products,C_2H_4,
2.3,-5.0,,[None],,,"Cyclobutane-1,2-d_2,(1R-trans)-","Cyclobutane-1,2-d_2,(1S-trans)-",
3.5,-5.0,,[None],,,"Cyclobutane-1,2-d_2, cis-",,
8.13,14.0,-191233.0,['C(C)C=1C(=NON1)CCC'],,,Products,,
2.0,14.0,-195390.0,['CC=1C(=NON1)[N+](=O)[O-]'],,,Products,,
3.16,15.0,-149660.0,[None],,,CO,Manganese(1,"), [(1,2,3,4,5-eta)-1-methyl-2,4-cyclopentadien-1-yl]-"
6.31,14.0,-161301.0,['[N+](=O)([O-])C=1C(=[N+](ON1)[O-])C1=CC=CC=C1'],,,Products,,
1.78,13.0,-138020.0,[None],,,"Cyclopent-2-enyl,2-(1-methyleneethenyl)-",,
4.37,14.0,-188739.0,['C12CC=CCC(C=C1)CC2'],,,"Naphthalene, 1,2,4-1,5,8,8a-",,
4.17,14.0,-194559.0,['C12CC=CCC(C=C1)CC2'],,,"Bicyclo[2.2.2]oct-2-ene, 5-ethenyl-,(1α,4α,5α)-",,
1.41,14.0,-193727.0,['C12CC=CCC(C=C1)CC2'],,,"Bicyclo[2.2.2]oct-2-ene, 5-ethenyl-,(1α,4α,5β)-",,
5.25,15.0,-206199.0,['C12CC=CCC(C=C1)CC2'],,,"1,3-Butadiene","1,3-Cyclohexadiene",
5.0,13.0,-131796.0,[None],,,Indene,(.)CH_3,
1.45,13.0,-117278.0,[None],,,Indene,(.)CH_3,
1.6,12.0,-216313.0,[None],,,1-Phenylbut-3-en-2-yl,,
7.01,4.0,-86471.0,[None],,,CH_2=CHD,CH_2=CHD,
5.0,-2.0,31096.0,[None],,,C_2H_4,(E)-CHD=CHD,
,,,[None],,,Toluene,H(.),
,,,[None],,,Benzene,(.)CH_3,
3.02,12.0,-136357.0,[None],,,Products,,
4.07,13.0,-157975.0,['C=C1C2C=CC2CC1'],,,Products,,
1.3,-4.0,,['C=CCC\\C=C/CC'],,,"3-Ethyl-1,5-hexadiene",,
7.01,-12.0,,[None],,,Products,,
2.61,-13.0,6652.0,[None],,,Products,,
2.24,15.0,-181255.0,[None],,,perfluoro-trans-dimethyl cyclopropane,,
2.45,15.0,-195390.0,[None],,,(Z)-2-C_4F_8,(.)CF_2,
1.41,15.0,-186244.0,[None],,,perfluoro-cis-dimethyl cyclopropane,,
1.38,15.0,-195390.0,[None],,,(E)-2-C_4F_8,(.)CF_2,
1.07,11.0,-128874.0,[None],,,Other Products,2-C_3H_7,
7.41,12.0,-218671.0,['ClCCC1=CC(=CC=C1)OC'],,,"Benzene, 1-ethenyl-3-methoxy-",HCl,
7.94,13.0,-231142.0,['ClCCCC1=C(C=CC=C1)OC'],,,"Benzene, 1-methoxy-2-(2-propenyl)-",HCl,
8.13,13.0,-196222.0,['C[C@@H]1O[C@@H](C=CC1)C'],,,CH_3CHO,(E)-CH_2=CHCH=CHCH_3,
2.4,12.0,-183750.0,['C(C)(=O)OC(C1=NC=CC(=C1)OCC)C'],,,Other Products,CH_3C(O)OH,
1.91,12.0,-182087.0,['C(C)(=O)OC(C1=NC(=CC=C1)OCC)C'],,,CH_3C(O)OH,"Pyridine, 2-ethenyl-6-ethoxy-",
2.95,12.0,-185413.0,['C(C)(=O)OC(C1=NC=C(C=C1)Cl)C'],,,Other Products,CH_3C(O)OH,
5.37,12.0,-187076.0,['C(C)(=O)OC(C1=NC=CC(=C1)C)C'],,,CH_3C(O)OH,"Pyridine, 2-ethenyl-4-methyl-",
4.27,12.0,-186244.0,['C(C)(=O)OC(C1=NC(=CC=C1)C)C'],,,CH_3C(O)OH,"Pyridine, 2-ethenyl-6-methyl-",
4.79,12.0,-186244.0,['C(C)(=O)OC(C1=NC=C(C=C1)C)C'],,,CH_3C(O)OH,"Pyridine, 2-ethenyl-5-methyl-",
9.65,40.0,-767757.0,[None],,,o-C_6H_4,(.)CH_2C≡CH,
3.81,35.0,-679847.0,[None],,,fulvallenyl,C_2H_2,
5.07,13.0,-108088.0,[None],,,Products,,
1.22,14.0,-109751.0,[None],,,Products,,
2.95,9.0,-147998.0,['CC(C(=O)O)(C12CCCCCCC2C1)C'],,,Other Products,CO_2,
3.42,9.0,-151323.0,['CC(C(=O)O)(C12CCCCCC2C1)C'],,,CO_2,"Cyclooctane,(1-methylethylidene)-",
3.82,9.0,-151323.0,['CC(C(=O)O)(C12CCCCCC2C1)C'],,,Other Products,CO_2,
1.5,9.0,-156312.0,['CC(C(=O)O)(C12CCCCC2C1)C'],,,CO_2,"Cyclohexane, 1-methyl-2-(1-methylethylidene)-",
5.31,9.0,-156312.0,['CC(C(=O)O)(C12CCCCC2C1)C'],,,CO_2,"Cycloheptane,(1-methylethylidene)-",
6.81,9.0,-156312.0,['CC(C(=O)O)(C12CCCCC2C1)C'],,,Other Products,CO_2,
3.53,10.0,-174604.0,['CC(C(=O)O)(C12CCCC2C1)C'],,,CO_2,"Cyclopentane, 1-methyl-2-(1-methylethylidene)-",
5.68,10.0,-174604.0,['CC(C(=O)O)(C12CCCC2C1)C'],,,CO_2,"Cyclohexane,(1-methylethylidene)-",
9.2,10.0,-174604.0,['CC(C(=O)O)(C12CCCC2C1)C'],,,Other Products,CO_2,
7.08,10.0,-182087.0,['C(C)C1(C(C1)C)C(C(=O)O)(C)C'],,,CO_2,n-C_3H_7C(C_2H_5)=C(CH_3)2,
1.41,11.0,-182087.0,['C(C)C1(C(C1)C)C(C(=O)O)(C)C'],,,Other Products,CO_2,
4.62,11.0,-177098.0,['CC1(CC1)CC(=O)O'],,,CO_2,C_2H_5C(CH_3)=CH_2,
3.32,11.0,-182087.0,['CC(C(=O)O)(C1(CC1)C)C'],,,CO_2,C_2H_5C(CH_3)=C(CH_3)2,
1.74,11.0,-192064.0,['CC(C(=O)O)(C1CC1)C'],,,CO_2,(CH_3)2C=CHC_2H_5,
3.32,9.0,-192064.0,['CC(C(=O)O)(C1CC1)C'],,,CO_2,(CH_3)2C=C(CH_3)2,
4.47,13.0,-173772.0,['C(C)(=O)OC(C1=NC=CC=C1)(C)C'],,,CH_3C(O)OH,"Pyridine, 2-(1-methylethyl)-",
1.7,13.0,-123054.0,['C(C)(=O)OC(C=1C=NC=CC1)(C)C'],,,CH_3C(O)OH,"Pyridine, 3-(1-methylethyl)-",
1.2,13.0,-162132.0,['C(C)(=O)OC(C1=CC=C(C=C1)Cl)(C)C'],,,CH_3C(O)OH,"Benzene, 1-chloro-4-(1-methylethenyl)-",
2.8,-1.0,,[None],,,Cyclohexane-d_12,Cyclopentene-d_8,
2.8,-1.0,,[None],,,Cyclohexane-d_12,Cyclopentene-d_8,
2.4,-1.0,,[None],,,Cyclohexene-d_10,Cyclopentane-d_10,
2.4,-1.0,,[None],,,Cyclohexene-d_10,Cyclopentane-d_10,
4.6,-1.0,,[None],,,Cyclohexene-d_10,Cyclohexane-d_12,
3.8,-1.0,,[None],,,Cyclohexene-d_10,Cyclohexane-d_12,
1.22,12.0,-5858.0,[None],,,Cyclopropene,,
3.41,13.0,-174604.0,[None],,,Isobutene,2(1H)-Pyrazinone,
8.71,12.0,-186244.0,['CC(C)O/C=C/C1=CC=CC=C1'],,,CH_3CH=CH_2,Phenylethanal,
3.47,11.0,-162964.0,[None],,,HOSO_2CH_3,3-Phenylpropene,
1.48,13.0,-116403.0,[None],,,"2,4-Cyclopentadien-1-yl, 1,2,3,4,5-pentamethyl-","2,4-Cyclopentadien-1-yl, 1,2,3,4,5-pentamethyl-",
3.39,13.0,-123054.0,[None],,,"1,3-Cyclopentadiene, pentamethyl-","1,3-Cyclopentadiene, 1,2,3,4-tetramethyl-5-methylene-",
4.37,12.0,-181255.0,['C(C)(=O)OC(C1=CC=CC2=C1SC=C2)C'],,,Other Products,CH_3C(O)OH,
3.72,12.0,-177930.0,['C(C)(=O)OC(C=1C=CC2=C(SC=C2)C1)C'],,,Other Products,CH_3C(O)OH,
3.31,12.0,-177098.0,['C(C)(=O)OC(C1=CC2=C(SC=C2)C=C1)C'],,,Other Products,CH_3C(O)OH,
3.42,12.0,-178761.0,['C(C)(=O)OC(C1=CC=CC=2SC=CC21)C'],,,Other Products,CH_3C(O)OH,
9.12,12.0,-161301.0,['ClC=1C=C(C=CC1)CC(=O)OC(C)(C)C'],,,Isobutene,m-chlorophenylacetic acid,
1.05,13.0,-162964.0,['FC1=CC=C(C=C1)CC(=O)OC(C)(C)C'],,,Isobutene,"Benzeneacetic acid, 4-fluoro-",
1.12,13.0,-176267.0,['C1(=CC=CC=C1)OC(OC(C)C1=CC=C(C=C1)[N+](=O)[O-])=O'],,,"Benzene, 1-ethenyl-4-nitro-",Carbonic acid monophenyl ester,
6.46,12.0,-172941.0,['[N+](=O)([O-])C=1C=C(C=CC1)C(C)OC(OC1=CC=CC=C1)=O'],,,"Benzene, 1-ethenyl-3-nitro-",Carbonic acid monophenyl ester,
9.77,12.0,-173772.0,['FC(C1=CC=C(C=C1)C(C)OC(OC1=CC=CC=C1)=O)(F)F'],,,"Benzene, 1-ethenyl-4-(trifluoromethyl)-",Carbonic acid monophenyl ester,
8.71,12.0,-171278.0,['C1(=CC=CC=C1)OC(OC(C)C1=CC(=CC=C1)Cl)=O'],,,"Benzene, 1-chloro-3-ethenyl-",Carbonic acid monophenyl ester,
7.94,12.0,-167952.0,['C1(=CC=CC=C1)OC(OC(C)C1=CC=C(C=C1)Cl)=O'],,,"Benzene, 1-chloro-4-ethenyl-",Carbonic acid monophenyl ester,
1.62,13.0,-170447.0,['C1(=CC=CC=C1)C(C)OC(OC1=CC=CC=C1)=O'],,,Styrene,Carbonic acid monophenyl ester,
7.76,12.0,-165458.0,['C1(=CC=CC=C1)OC(OC(C)C1=CC(=CC=C1)C)=O'],,,3-Methylstyrene,Carbonic acid monophenyl ester,
1.48,13.0,-167121.0,['CC1=CC=C(C=C1)C(C)OC(OC1=CC=CC=C1)=O'],,,4-Methylstyrene,Carbonic acid monophenyl ester,
1.51,15.0,-165458.0,[None],,,"Bicyclo[2.2.1]hepta-2,5-diene, 7-chloro-",,
7.01,4.0,-86471.0,[None],,,CH_2=CHD,CH_2=CHD,
5.0,-2.0,31096.0,[None],,,C_2H_4,(Z)-CHD=CHD,
1.54,11.0,-201210.0,['CC1(C(C1)CC(=O)O)C'],,,CO_2,(CH_3)2CHCH_2CH=CH_2,
3.2,10.0,-201210.0,['CC1(C(C1)CC(=O)O)C'],,,CO_2,(CH_3)2CHC(CH_3)=CH_2,
2.63,11.0,-201210.0,['CC1(C(C1)CC(=O)O)C'],,,CO_2,(CH_3)3CCH=CH_2,
4.49,11.0,-201210.0,['CC1(C(C1)CC(=O)O)C'],,,Products,,
3.8,12.0,-46395.0,['COC1=CC=C(C=C1)SC(OCC)=O'],,,Other Products,C_2H_4,
1.0,14.0,-198716.0,[None],,,(CH_3)3SiCH_2Si(H):,,
1.0,13.0,-114740.0,[None],,,(CH_3)2SiHCH_2Si(CH_3):,,
1.0,14.0,-217839.0,[None],,,(CH_3)3SiSi(CH_3),,
1.08,-3.0,,['CC(C)(C)C1=CC=C(C(=O)OC(C)C)C=C1'],,,CH_3CH=CH_2,"Benzoic acid, 4-(1,1-dimethylethyl)-",
8.2,10.0,-237794.0,['ClC1=CC(=CC=2OC3=C(OC21)C=CC(=C3)Cl)Cl'],,,Products,,
1.0,11.0,-178761.0,['C[Si]1(CC=CC1)CC=C'],,,CH_3CH=CH_2,"Silacyclopenta-2,4-diene, 1-methyl-",
1.16,13.0,-197053.0,['C(C)OC1=NC=CC2=CC=CC=C12'],,,C_2H_4,1(2H)-Isoquinolinone,
1.48,14.0,-199547.0,['[N+](=O)([O-])C=1C(=NON1)N'],,,Products,,
3.55,13.0,-230311.0,['ClC(=C)CCCCC'],,,CH_2=C=CHCH_2CH_2CH_2CH_3,HCl,
6.31,12.0,-187907.0,['ClC(C)(CCCCC)Cl'],,,Other Products,HCl,
2.14,12.0,-168784.0,['CS(=O)(=O)OCCCCC1=CC=CC=C1'],,,Other Products,HOSO_2CH_3,
2.19,12.0,-153818.0,['CC(C)(C)OC(=O)C=1C=NC=CC1'],,,3-Pyridinecarboxylic acid,Isobutene,
1.58,15.0,-226985.0,['C[Si]1(CC2OC2C1)C'],,,"1,3-Butadiene",(CH_3)2Si=O,
2.51,15.0,-270220.0,[None],,,Products,,
1.57,13.0,-195390.0,[None],,,CH_3CH=CH_2,2(1H)-Pyrazinone,
6.61,9.0,-125549.0,[None],,,Other Products,Cyclopentadiene,"4,7-Methano-1H-indene, 3a,4,7,7a-tetrahydro-, (3aα,4β,7β,7aα)-"
6.31,12.0,-226985.0,['CC(CC)N1N=CC=C1'],,,Other Products,Pyrazole,
9.38,12.0,-182918.0,['C(C)(=O)OC(C1=CC=C(C=C1)C(C)(C)C)C'],,,CH_3C(O)OH,"Benzene, 1-(1,1-dimethylethyl)-4-ethenyl-",
3.63,13.0,-142177.0,['COC1C(C1=C)(C)C'],,,"Cyclopropane, methoxy-(1-methylethylidene)-",,
1.86,13.0,-130537.0,['COC1C(C1=C)(C)C'],,,"Cyclopropane, 2-(methoxymethylene)-1,1-dimethyl-",,
4.57,14.0,-156312.0,['C(C)OC1C(C1)=C'],,,"Cyclopropane, (ethoxymethylene)-",,
5.62,14.0,-209525.0,[None],,,"Cyclopropane, 1,2-dimethoxy-3-methyl-,(1α,2α,3α)-","Cyclopropane, 1,2-dimethoxy-3-methyl-,(1α,2β,3α)-",
7.76,14.0,-207862.0,[None],,,"Cyclopropane, 1,2-dimethoxy-3-methyl-,(1α,2β,3α)-","Cyclopropane, 1,2-dimethoxy-3-methyl-,(1α,2α,3β)-",
2.63,13.0,-200379.0,[None],,,CH_3CHO,(E)-CH_2=CHCH=CHCH_3,
1.95,13.0,-197884.0,['C(C)OC=1N=NC=CC1'],,,C_2H_4,3(2H)-Pyridazinone,
1.32,13.0,-164627.0,[None],,,Isobutene,"Benzeneacetic acid, 3-methyl-",
1.8,-5.0,,[None],,,"Oxirane-d, 3-ethenyl-, trans-",,
1.06,-4.0,,[None],,,Products,,
1.26,15.0,-175435.0,['CC1(C2C=CC=CC1C2)C'],,,"Bicyclo[5.1.0]octa-2,4-diene, 8,8-dimethyl-",,
1.07,-4.0,,[None],,,Products,,
9.79,-5.0,,[None],,,Products,,
8.13,-3.0,,[None],,,CH_3CH=CH_2,(E)-3-Phenyl-2-propenoic acid,
1.12,-2.0,,['C1(=CC=CC=C1)C(C(=O)OC(C)C)C1=CC=CC=C1'],,,CH_3CH=CH_2,"Benzeneacetic acid, α-phenyl-",
1.4,-2.0,,['COC=1C=C(C=CC1)NC(OC(C)(C)C)=O'],,,Isobutene,CO_2,3-Methoxybenzenamine
3.31,13.0,-229479.0,['ClCCCC1=CC=C(C=C1)OC'],,,"Benzene, 1-methoxy-4-(2-propenyl)-",HCl,
2.75,12.0,-192896.0,['C(C)(=O)OCCC1=C(C=CC=C1)F'],,,CH_3C(O)OH,"Benzene, 1-ethenyl-2-fluoro-",
2.88,12.0,-191233.0,['C(C)(=O)OCCC1=CC=C(C=C1)F'],,,CH_3C(O)OH,"Benzene, 1-ethenyl-4-fluoro-",
2.88,12.0,-191233.0,['C(C)(=O)OCCC1=C(C(=C(C(=C1F)F)F)F)F'],,,CH_3C(O)OH,"Benzene, ethenylpentafluoro-",
2.57,12.0,-191233.0,['C(C)(=O)OCCC1=CC=C(C=C1)Cl'],,,CH_3C(O)OH,"Benzene, 1-chloro-4-ethenyl-",
2.43,12.0,-189570.0,['C(C)(=O)OCCC1=CC(=CC=C1)F'],,,CH_3C(O)OH,"Benzene, 1-ethenyl-3-fluoro-",
2.57,12.0,-189570.0,['C(C)(=O)OCCC1=CC(=CC=C1)C(F)(F)F'],,,Other Products,CH_3C(O)OH,
3.51,12.0,-191233.0,['C(C)(=O)OCCC1=C(C=CC=C1)C(F)(F)F'],,,Other Products,CH_3C(O)OH,
1.86,12.0,-205367.0,['C(C)OC=1N=CC2=CC=CC=C2C1'],,,C_2H_4,3(2H)-Isoquinolinone,
5.01,12.0,-200379.0,['C(C)(=O)OCCCOC1=CC=CC=C1'],,,CH_3C(O)OH,"Benzene,(2-propenyloxy)-",
1.51,11.0,-157975.0,['[N+](=O)([O-])C=1C=C(C(=O)OC(C)(C)C)C=CC1'],,,Isobutene,3-Nitrobenzoic acid,
,,,['[N+](=O)([O-])C=1C=C(C(=O)OC(C)(C)C)C=CC1'],,,Isobutene,3-Nitrobenzoic acid,
2.43,10.0,-152986.0,['FC1=CC=C(C(=O)OC(C)(C)C)C=C1'],,,Isobutene,4-Fluorobenzoic acid,
,,,['FC1=CC=C(C(=O)OC(C)(C)C)C=C1'],,,Isobutene,4-Fluorobenzoic acid,
2.95,11.0,-166289.0,['COC=1C=C(C(=O)OC(C)(C)C)C=CC1'],,,Isobutene,3-Methoxybenzoic acid,
,,,['COC=1C=C(C(=O)OC(C)(C)C)C=CC1'],,,Isobutene,3-Methoxybenzoic acid,
,,,['IC=1C=C(C(=O)OCC)C=CC1'],,,C_2H_4,"Benzoic acid, 3-iodo-",
9.14,12.0,-183750.0,['C(C)(=O)OC(C1=CC=CC2=CC=CC=C12)C'],,,CH_3C(O)OH,1-Ethenylnaphthalene,
3.1,13.0,-107257.0,['C=C1C2C=CC(C1=C)C2=O'],,,CO,o-Xylylene,
,,,['C1(CCC(C)O1)=O'],,,Products,,
3.89,14.0,-207862.0,['CC(C)(OC1=CC=C(C=C1)N)C'],,,Isobutene,"Phenol, 4-amino-",
9.51,-6.0,,['C[C@H]1[C@@H](C1)C(=O)OC'],,,"Cyclopropanecarboxylic acid, 2-methyl-, methyl ester, cis-",,
2.5,-6.0,,['C[C@H]1[C@@H](C1)C(=O)OC'],,,(E)-C_2H_5CH=CHC(O)OCH_3,(E)-CH_3CH=CHCH_2C(O)OCH_3,
6.08,12.0,-59413.0,['C(=O)C1C=CC=C1'],,,Cyclopentadienyl,HCO,
,,,['C(=O)C1C=CC=C1'],,,Other Products,H(.),
4.31,11.0,-42258.0,['C(=O)C1C=CC=C1'],,,cy-C_6H_6-O,,
2.45,12.0,-91630.0,['C(=O)C1C=CC=C1'],,,cy-C_5H_5(COH),H(.),
3.39,15.0,-170447.0,['CC1(N=NC(C1=C)(C)C)C'],,,Other Products,N_2,
1.64,-3.0,,['ClC=1C=C(C(=O)OC(C)C)C=CC1'],,,CH_3CH=CH_2,"Benzoic acid, 3-chloro-",
3.63,13.0,-172941.0,['C(C)(=O)OC(C1=CC=NC=C1)(C)C'],,,CH_3C(O)OH,"Pyridine, 4-(1-methylethyl)-",
7.94,13.0,-228648.0,[None],,,CH_3CHO,(CH_3)2C=CHCH_3,
3.16,14.0,-236962.0,[None],,,CH_3CHO,(CH_3)2C=CHCH_3,
1.0,15.0,-261906.0,[None],,,Products,,
1.86,14.0,-152155.0,[None],,,"Cyclopropane, 1,1-dimethyl-2-(1-methylethylidene)-",,
7.8,9.0,-198716.0,['C[C@H]1[C@@H](C1)CC(=O)O'],,,CO_2,C_2H_5C(CH_3)=CH_2,
2.2,11.0,-198716.0,['C[C@H]1[C@@H](C1)CC(=O)O'],,,CO_2,(CH_3)2CHCH=CH_2,
1.1,11.0,-198716.0,['C[C@H]1[C@@H](C1)CC(=O)O'],,,1-C_5H_10,CO_2,
3.31,11.0,-198716.0,['C[C@H]1[C@@H](C1)CC(=O)O'],,,Products,,
3.09,-17.0,,[None],,,Products,,
,,,[None],,,CO,C_2F_5,
7.24,11.0,-178761.0,[None],,,"Cyclopropanecarboxylic acid, 2,3-dimethyl-, ethyl ester,(1α,2α,3α)-",,
7.24,11.0,-167121.0,[None],,,"Cyclopropanecarboxylic acid, 2,3-dimethyl-, ethyl estrer,(1α,2α,3β)-",,
1.32,13.0,-77500.0,[None],,,Cyclopentanone,H(.),
,,-41840.0,[None],,,Products,,
1.32,13.0,-35000.0,[None],,,(&middot)CH2(CH2)3CHO,,
2.63,10.0,-139683.0,['C(C=C)SC1CCCCC1'],,,CH_3CH=CH_2,Cyclohexanethione,
3.98,12.0,-210700.0,['N1(CCCCC1)C(C(=O)OCC)=O'],,,CO,Ethyl 1-piperidinecarboxylate,
1.0,12.0,-191200.0,['N1(CCCCC1)C(C(=O)OCC)=O'],,,C_2H_4,CO_2,1-Piperidinecarboxaldehyde
1.66,12.0,-193400.0,['N1(CCCCC1)C(C(=O)OCC)=O'],,,Products,,
2.0,15.0,-335073.0,[None],,,Products,,
1.37,12.0,-144946.0,[None],,,"1,3,5-Hexatriene",H(.),
4.43,14.0,-173664.0,[None],,,C_2H_4,CH_2=CHCH=CH(.),
4.4,12.0,-215000.0,['Cl.C(C)OC(CNC)=O'],,,Other Products,HCl,
,,,['IC1=CC=C(C(=O)OCC)C=C1'],,,C_2H_4,"Benzoic acid, 4-iodo-",
2.19,13.0,-242783.0,[None],,,"2-Cyclohexen-3,6,6-d_3-ol-d",,
7.24,14.0,-256917.0,[None],,,"Cyclohexanone-2,2,5,5-d_4",,
4.47,14.0,-252760.0,[None],,,Products,,
1.38,14.0,-194559.0,['C(C)(=O)OC(C(C)(C)C)CC=C'],,,Other Products,CH_3C(O)OH,
1.58,13.0,-207030.0,['C(C)(=O)OCCC1CCCC1'],,,CH_3C(O)OH,"Cyclopentane, ethenyl-",
9.98,2.0,,['CC1C(O1)=O'],,,CH_3CHO,CO,
2.31,14.0,-163795.0,[None],,,"Bicyclo[2.1.0]pentane, 2-methyl-, (1α, 2β, 4α)-",,
2.0,11.0,-174604.0,['CC(C)(C)NC(C1=CC(=CC=C1)OC)=O'],,,Isobutene,"Benzamide, 3-methoxy-",
7.76,13.0,-191233.0,['C(=C)C1(CC1)OC'],,,"Cyclopentene, 1-methoxy-",,
2.71,13.0,-187076.0,['C(=C)C1(CC1)OC'],,,"Cyclopentene, 1-methoxy-",,
6.31,11.0,-136357.0,['C(C)C1=CC1CC'],,,"Cyclopropene, 1,3-diethyl-, (±)- (racemic)",,
2.51,10.0,-134694.0,[None],,,Products,,
6.31,14.0,-161301.0,['[N+](=O)([O-])C=1C(=NO[N+]1[O-])C1=CC=CC=C1'],,,Products,,
1.58,4.0,-167121.0,['CC=1C(=[N+](ON1)[O-])[N+](=O)[O-]'],,,Products,,
8.24,12.0,-199547.0,['C(C)OC1=NC2=CC=CC=C2C=C1'],,,2(1H)-Quinolinone,C_2H_4,
,,,[None],,,(CH_3)2CHSb,C_3H_8,
4.79,13.0,-204536.0,['CC1C(CC1)=C'],,,Ethylidenecyclobutane,,
7.69,1.0,,[None],,,O_2,Cyclohexenyl (unspecified),
6.19,2.0,,['O1C(C1)=O'],,,CH_2O,CO,
6.31,11.0,-181255.0,['ClC1=CC=C(C(=O)NC(C)(C)C)C=C1'],,,Isobutene,"Benzamide, 4-chloro-",
2.0,12.0,-190401.0,['CC(C)(C)NC(C1=CC(=CC=C1)C)=O'],,,Isobutene,"Benzamide, 3-methyl-",
2.51,11.0,-172110.0,['CC(C)(C)NC(C1=CC=C(C=C1)[N+](=O)[O-])=O'],,,Other Products,Isobutene,
1.45,12.0,-1812555.0,[None],,,CH_2O,"Benzene, 1,3,5-trimethyl-2-(2-propenyl)-",
9.12,11.0,-18624.0,['CC1=C(C(=CC(=C1)C)C)COCC=C'],,,CH_3CH=CH_2,"Benzaldehyde, 2,4,6-trimethyl-",
1.7,12.0,-166289.0,['CC(C)OC(=C)C1=CC=CC=C1'],,,1-Phenylethanone,CH_3CH=CH_2,
3.0,11.0,-123886.0,['C(=C)C1=C(CC1)C=C'],,,"Bicyclo[4.2.0]octa-1,5-diene",,
1.6,13.0,-158806.0,['C12=CCCC=C2CC1'],,,"Cyclobutene, 1,2-diethenyl-",,
4.8,13.0,-149660.0,['C12=CCCC=C2CC1'],,,CH_2=CHC(=CH_2)C(=CH_2)CH=CH_2,,
2.4,14.0,-175435.0,['C12=CCCC=C2CC1'],,,CH_2=CHC(=CH_2)C(=CH_2)CH=CH_2,,
,,,[None],,,CO,"Cyclopentadienyl, methyl-",
8.6,14.0,-209618.0,[None],,,o-Benzoquinone,(.)CH_3,
2.7,12.0,-125938.0,[None],,,2-Hydroxybenzaldehyde,H(.),
3.4,13.0,-251040.0,[None],,,methoxycyclopentadienyl radical,CO,
,,,[None],,,methoxycyclopentadienyl radical,CO,
9.55,12.0,-193727.0,[None],,,CH_2=CHCHO,"1,3-Cyclohexadiene",
4.0,15.0,-326352.0,['C1(=CC=CC=C1)OCCC1=CC=CC=C1'],,,Benzyl,C_6H_5OCH_2(.),
2.0,15.0,-284512.0,['C1(=CC=CC=C1)OCCC1=CC=CC=C1'],,,C_6H_5O(.),2-phenylethyl,
8.7,12.0,-221752.0,['C1(=CC=CC=C1)OCCC1=CC=CC=C1'],,,Styrene,"2,4-Cyclohexadienone",
1.11,11.0,-205016.0,['C1(=CC=CC=C1)OCCC1=CC=CC=C1'],,,Styrene,"2,4-Cyclohexadienone",
8.3,14.0,-263592.0,['C1(=CC=CC=C1)OCCC1=CC=CC=C1'],,,Styrene,Phenol,
1.05,13.0,-246856.0,['C1(=CC=CC=C1)OCCC1=CC=CC=C1'],,,Styrene,Phenol,
3.16,14.0,-183750.0,['CC12C=CCC2CC1=O'],,,Products,,
3.16,14.0,-183750.0,['CC12C=CCC2CC1=O'],,,Products,,
8.79,12.0,-108088.0,['C=C1C2CCC2C1=C'],,,"1,4-Cyclohexadienyl, 2,3-bis(methylene)-",,
1.32,13.0,-194559.0,['C(C)(=O)OC(C(C)(C)C)C(C)C'],,,CH_3C(O)OH,(CH_3)3CCH=C(CH_3)2,
3.5,10.0,-226154.0,['ClC1=C(C=C(C=2OC3=C(OC21)C=CC=C3)Cl)Cl'],,,Products,,
1.4,12.0,-271052.0,['ClC1=CC2=C(OC3=C(O2)C=CC=C3)C=C1'],,,Products,,
5.0,15.0,-353365.0,['ClC1=CC=CC=2OC3=C(OC21)C=CC=C3'],,,Products,,
1.5,9.0,-197884.0,['ClC1=CC2=C(OC3=C(O2)C=C(C=C3)Cl)C=C1'],,,Products,,
3.42,13.0,-193835.0,[None],,,4-Methylbenzyl,,
3.34,13.0,-192164.0,[None],,,3-Methylbenzyl,,
3.55,11.0,-107257.0,['CC1OOCO1'],,,HC(O)OH,CH_3CHO,
5.01,13.0,-165458.0,['C=C1C2CC=CC2C1'],,,"Bicyclo[2.2.1]hept-2-ene, 5-methylene-",,
3.16,15.0,-149660.0,[None],,,CO,"Manganese, carbonyl [(1,2,3,4,5-eta)-1-methyl-2,4-cyclopentadien-1-yl]-",
3.16,13.0,-255254.0,[None],,,(CH_3)3SiCH_2Si(H):,,
1.66,-4.0,,['CC(C(=O)O)(C1=CCCCCCC1)C'],,,CO_2,"Cyclooctane,(1-methylethylidene)-",
1.0,16.0,-252760.0,[None],,,Products,,
1.76,14.0,-201210.0,[None],,,CH_2=CHOCH_3,(E)-CH_3CH=CHCHO,
,,,[None],,,Products,,
9.08,13.0,-196222.0,[None],,,CH_2=CHOCH_3,(E)-CH_3CH=CHCHO,
7.1,12.0,-207862.0,['C(C)OC1=NC=CN=C1'],,,C_2H_4,2(1H)-Pyrazinone,
,,,[None],,,H(.),CH_2=SiCl_2,
,,,[None],,,(.)CH_3,SiCl_2,
,,,[None],,,"cis,cis,cis-Cyclononatriene",,
4.46,26.0,-48141.0,[None],,,Products,,
6.31,12.0,-192064.0,['C(C)(=O)O[C@H]1[C@H](CCC1)Cl'],,,CH_3C(O)OH,"Cyclopentene, 3-chloro-",
2.23,12.0,-186244.0,['C(C)(=O)O[C@H]1[C@@H](CCC1)Cl'],,,CH_3C(O)OH,1-Chloro-1-cyclopentene,
5.71,12.0,-186244.0,['C(C)(=O)O[C@H]1[C@@H](CCC1)Cl'],,,CH_3C(O)OH,"Cyclopentene, 3-chloro-",
3.98,12.0,-200379.0,['C(C)(=O)O[C@H]1[C@H](CCCC1)Cl'],,,CH_3C(O)OH,"Cyclohexene, 3-chloro-",
3.2,-1.0,,[None],,,CF_3COOH,"Cyclohexene, 1-chloro-",
3.98,12.0,-197053.0,[None],,,tert-C_4H_9COOH,"Cyclohexene, 3-chloro-",
3.58,12.0,-187907.0,[None],,,tert-C_4H_9COOH,"Cyclohexene, 3-chloro-",
1.43,12.0,-187907.0,[None],,,tert-C_4H_9COOH,"Cyclohexene, 1-chloro-",
1.2,-4.0,,['CC12C=CC2C1'],,,"2-Methyl-1,3-cyclopentadiene",,
1.94,-4.0,,['CC12C=CC2C1'],,,"1-Methyl-1,3-cyclopentadiene",,
1.78,15.0,-235300.0,['CO[C@H]1[C@H](C1)C'],,,"Cyclopropane, 1-methoxy-2-methyl-, trans-",,
2.51,12.0,-225322.0,['CO[C@H]1[C@H](C1)C'],,,(CH_3)2C=CH(OCH_3),,
1.95,13.0,-234468.0,['CO[C@H]1[C@H](C1)C'],,,(E)-CH_3CH_2CH=CH(OCH_3),,
6.17,13.0,-232805.0,['CO[C@H]1[C@H](C1)C'],,,(Z)-CH_3CH_2CH=CH(OCH_3),,
9.77,14.0,-233637.0,['CO[C@H]1[C@@H](C1)C'],,,"Cyclopropane, 1-methoxy-2-methyl-, cis-",,
3.16,13.0,-235300.0,['CO[C@H]1[C@@H](C1)C'],,,(CH_3)2C=CH(OCH_3),,
1.0,13.0,-232805.0,['CO[C@H]1[C@@H](C1)C'],,,(E)-CH_3CH_2CH=CH(OCH_3),,
1.12,14.0,-243614.0,['CO[C@H]1[C@@H](C1)C'],,,(Z)-CH_3CH_2CH=CH(OCH_3),,
1.21,12.0,-192064.0,['C(\\C=C\\C)N1C(=CC=C1C)C'],,,"1H-Pyrrole, 2,5-dimethyl-3-(1-methyl-2-propenyl)-",,
5.87,13.0,-214513.0,['C(\\C=C\\C)N1C(=CC=C1C)C'],,,"1H-Pyrrole, 3-(2-butenyl)-2,5-dimethyl-, (E)-",,
5.5,12.0,-207030.0,['CC=1N(C(=CC1)C)C(C=C)C'],,,"1H-Pyrrole, 2,5-dimethyl-3-(1-methyl-2-propenyl)-",,
8.95,11.0,-180424.0,['CC=1N(C(=CC1)C)C(C=C)C'],,,"1H-Pyrrole, 3-(2-butenyl)-2,5-dimethyl-, (E)-",,
1.77,11.0,-194559.0,['CC=1N(C(=CC1)C)C(C=C)C'],,,"1H-Pyrrole, 3-(2-butenyl)-2,5-dimeyhyl-, (Z)-",,
1.89,12.0,-203705.0,['C(\\C=C/C)C1=CNC=C1'],,,"1H-Pyrrole, 2-(2-butenyl)-, (Z)-",,
2.75,11.0,-191233.0,['C(\\C=C\\C)C1=CNC=C1'],,,"1H-Pyrrole, 2-(2-butenyl)-, (E)-",,
2.55,9.0,-173772.0,['CC(C=C)C1=CNC=C1'],,,"1H-Pyrrole, 2-(2-butenyl)-, (Z)-",,
3.82,9.0,-166289.0,['CC(C=C)C1=CNC=C1'],,,"1H-Pyrrole, 2-(2-butenyl)-, (E)-",,
2.49,11.0,-192064.0,['CC(C=C)C1=CNC=C1'],,,"1H-Pyrrole, 2-(1-methyl-2-propenyl)-",,
6.81,11.0,-201210.0,['C(\\C=C/C)C=1NC=CC1'],,,"1H-Pyrrole, 3-(2-butenyl)-, (Z)-",,
9.2,7.0,-147998.0,['C(\\C=C/C)C=1NC=CC1'],,,"1H-Pyrrole, 2-(1-methyl-2-propenyl)-",,
3.0,10.0,-181255.0,['C(\\C=C\\C)C=1NC=CC1'],,,"1H-Pyrrole, 3-(2-butenyl)-, (E)-",,
4.83,8.0,-161301.0,['C(\\C=C\\C)C=1NC=CC1'],,,"1H-Pyrrole, 3-(1-methyl-2-propenyl)-",,
1.18,8.0,-145503.0,['C(\\C=C\\C)C=1NC=CC1'],,,"1H-Pyrrole, 2-(1-methyl-2-propenyl)-",,
7.36,8.0,-168784.0,['C(\\C=C\\C)C=1NC=CC1'],,,"1H-Pyrrole, 2-(1-methyl-2-propenyl)-",,
7.23,8.0,-173772.0,['CC(C=C)C=1NC=CC1'],,,"1H-Pyrrole, 3-(2-butenyl)-, (Z)-",,
1.82,10.0,-178761.0,['CC(C=C)C=1NC=CC1'],,,"1H-Pyrrole, 3-(2-butenyl)-, (E)-",,
4.39,8.0,-157144.0,['CC(C=C)C=1NC=CC1'],,,"1H-Pyrrole, 3-(2-butenyl)-, (E)-",,
8.75,7.0,-143840.0,['CC(C=C)C=1NC=CC1'],,,"1H-Pyrrole, 2-(2-butenyl)-, (Z)-",,
2.45,8.0,-139683.0,['CC(C=C)C=1NC=CC1'],,,"1H-Pyrrole, 2-(2-butenyl)-, (E)-",,
7.41,9.0,-185413.0,['C(\\C=C/C)N1C=CC=C1'],,,"1H-Pyrrole, 3-(1-methyl-2-propenyl)-",,
1.07,12.0,-207862.0,['C(\\C=C/C)N1C=CC=C1'],,,"1H-Pyrrole, 2-(2-butenyl)-, (Z)-",,
2.09,9.0,-168784.0,['C(\\C=C\\C)N1C=CC=C1'],,,"1H-Pyrrole, 3-(1-methyl-2-propenyl)-",,
6.79,11.0,-202042.0,['C(\\C=C\\C)N1C=CC=C1'],,,"1H-Pyrrole, 2-(2-butenyl)-, (E)-",,
3.86,9.0,-176267.0,['CC(C=C)N1C=CC=C1'],,,"1H-Pyrrole, 3-(2-butenyl)-, (Z)-",,
1.8,9.0,-162132.0,['CC(C=C)N1C=CC=C1'],,,"1H-Pyrrole, 3-(2-butenyl)-, (E)-",,
5.09,10.0,-186244.0,['CC(C=C)N1C=CC=C1'],,,"1H-Pyrrole, 2-(1-methyl-2-propenyl)-",,
2.28,15.0,-251097.0,['C(C)C1(COC1)C'],,,CH_2O,C_2H_5C(CH_3)=CH_2,
7.08,12.0,-185413.0,['C(C)(=O)OC(C=1C=NC=CC1)C'],,,CH_3C(O)OH,"Pyridine, 3-etheryl-",
4.17,12.0,-182918.0,['C(C)(=O)OC(C=1C=NC=CC1)C'],,,CH_3C(O)OH,"Pyridine, 3-etheryl-",
6.31,12.0,-182918.0,['C(C)(=O)OCC=1C=CC=C2C=CC=NC12'],,,CH_3C(O)OH,"Quinoline, 8-ethenyl-",
6.31,12.0,-183750.0,['C(C)(=O)OC(C1=CC=C2C=CC=NC2=C1)C'],,,"Quinoline, 7-ethenyl-",CH_3C(O)OH,
6.31,12.0,-183750.0,['C(C)(=O)OC(C=1C=C2C=CC=NC2=CC1)C'],,,"Quinoline, 6-ethenyl-",CH_3C(O)OH,
4.47,12.0,-180424.0,['C(C)(=O)OC(C=1C=2C=CC=NC2C=CC1)C'],,,"Quinoline, 5-ethenyl-",CH_3C(O)OH,
3.16,12.0,-186244.0,['C(C)(=O)OC(C1=CC=NC2=CC=CC=C12)C'],,,CH_3C(O)OH,"Quinoline, 4-ethenyl-",
5.01,12.0,-183750.0,['C(C)(=O)OC(C=1C=NC2=CC=CC=C2C1)C'],,,"Quinoline, 3-ethenyl-",CH_3C(O)OH,
3.98,12.0,-186244.0,['C(C)(=O)OC(C1=NC2=CC=CC=C2C=C1)C'],,,CH_3C(O)OH,"Quinoline, 2-ethenyl-",
1.0,14.0,-165937.0,[None],,,C_3H_4CCH_2,,
1.0,16.0,-268557.0,[None],,,"Cyclopropane-1,2,d_2, cis-",,
1.0,1.0,,[None],,,"Cyclopropane-1,2,d_2, cis-",,
,,,[None],,,"Cyclopropane-1,2,d_2, cis-",,
1.58,15.0,-274378.0,[None],,,CH_3CD=CHD,,
,,,[None],,,CH_3CD=CHD,,
1.0,15.0,-146335.0,[None],,,C_2H_2,Cyclopentadienyl,
,,,['C[C@@H]1C(OC([C@H]1C)=O)=O'],,,Products,,
3.16,12.0,-231974.0,['C(C)C1N=CCC1'],,,Other Products,H_2,
1.12,14.0,-199547.0,[None],,,"2H-Pyrrole, 2-ethyl-3,4-dihydro-",,
1.58,11.0,-172110.0,['ClC=1C=C(C(=O)NC(C)(C)C)C=CC1'],,,Isobutene,"Benzamide, 3-chloro-",
2.14,10.0,-130537.0,[None],,,Other Products,Cyclopentadiene,"1,4-Cyclohexadiene,1,4-dimethyl-3,6-bis(methylene)-"
7.76,13.0,-228648.0,['ClCCC1=C(C=CC=C1)OC'],,,"Benzene, 1-ethenyl-2-methoxy-",HCl,
2.96,13.0,-233200.0,['ClCCC1=C(C=CC=C1)OC'],,,"Benzene, 1-ethenyl-2-methoxy-",HCl,
2.14,13.0,-219030.0,['ClCCC1=C(C=CC=C1)OC'],,,"Benzene, 1-ethenyl-2-methoxy-",HCl,
5.25,13.0,-232805.0,['ClCCC1=C(C=CC=C1)OC'],,,CH_3Cl,"Benzofuran, 2,3-dihydro",
1.32,13.0,-230460.0,['ClCCC1=C(C=CC=C1)OC'],,,CH_3Cl,"Benzofuran, 2,3-dihydro",
6.46,13.0,-225322.0,['ClCCC1=C(C=CC=C1)OC'],,,Products,,
1.1,-3.0,,['NC=1C=C(C(=O)OC(C)C)C=CC1'],,,3-Aminobenzoic acid,CH_3CH=CH_2,
1.32,13.0,-164627.0,['C(C)(=O)OC(C)(CCC)C'],,,Other Products,CH_3C(O)OH,
1.37,-2.0,,['F[Si]1(CC=CC1)F'],,,"1,3-Butadiene",SiF_2,
5.4,21.0,-46977.0,['O1[SiH2]O[SiH2]1'],,,H_2Si=O,H_2Si=O,
4.6,15.0,-71338.0,['C1(=CC=CC=C1)ON=O'],,,C_6H_5O(.),NO,
1.8,12.0,-156900.0,['C(C)C1=CC1'],,,"Cyclopropene, 1,3-dimethyl-",,
1.82,12.0,-157144.0,['C(C)C1=CC1'],,,"Cyclopropene, 1,3-dimethyl-",,
1.2,13.0,-162900.0,['C(C)C1=CC1'],,,(E)-CH_2=CHCH=CHCH_3,,
1.8,13.0,-167100.0,['C(C)C1=CC1'],,,(Z)-CH_2=CHCH=CHCH_3,,
5.1,12.0,-159500.0,['C(C)C1=CC1'],,,C_2H_5C≡CCH_3,,
9.1,13.0,-185800.0,['C(C)C1=CC1'],,,CH_2=C=CHCH_2CH_3,,
2.3,13.0,-160700.0,['C(C)C1=CC1'],,,Products,,
2.29,13.0,-160469.0,['C(C)C1=CC1'],,,Products,,
7.08,12.0,-158806.0,['C(C)C1=CC1'],,,CH_3CH_2C(CH_3)=C:,,
7.1,12.0,-158600.0,['C(C)C1=CC1'],,,C_2H_5C(CH_3)C(:),,
3.39,13.0,-141346.0,[None],,,CH_2=CBrCH=CH_2,,
3.1,11.0,-255254.0,['ClC1=CC2=C(OC3=C(O2)C=CC(=C3)Cl)C=C1'],,,Products,,
1.42,13.0,-198716.0,['C(C)(=O)O[C@H]1[C@@H](CCCC1)Cl'],,,CH_3C(O)OH,"Cyclohexene, 3-chloro-",
5.82,12.0,-198716.0,['C(C)(=O)O[C@H]1[C@@H](CCCC1)Cl'],,,CH_3C(O)OH,"Cyclohexene, 1-chloro-",
5.01,12.0,-180424.0,[None],,,CH_3C(O)OH,"Benzene, 1-chloro-3-ethenyl-",
1.04,12.0,-184581.0,[None],,,CH_3C(O)OH,"Benzene, 1-chloro-3-ethenyl-",
1.17,15.0,-164627.0,['C1(C(CC1)=O)=O'],,,Other Products,C_2H_4,
,,,['C1(C(CC1)=O)=O'],,,Products,,
5.0,13.0,-213900.0,[None],,,"1,6-Octadiene, 5,7-dimethyl-, (r)-",,
5.0,13.0,-213400.0,[None],,,"1,6-Octadiene, 3,7-dimethyl-",,
7.9,11.0,-201000.0,[None],,,"Cyclohexene, 1-methyl-4-(1-methylethyl)-, (R)-",,
1.0,14.0,-213000.0,[None],,,Products,,
1.26,14.0,-251929.0,['C[Si]1(CC=CCC1)C'],,,Products,,
3.98,12.0,-177930.0,['C(C)(=O)OC(C1=CC=C(C=C1)CC1=CC=CC=C1)C'],,,CH_3C(O)OH,"Benzene, 1-ethenyl-4-(phenylmethyl)-",
9.0,-13.0,,['ClC=1C=C(C=C(C1)Cl)C1=CC(=CC(=C1)Cl)Cl'],,,Products,,
1.26,13.0,-241951.0,['C1C=CC2=CCC=C12'],,,Styrene,,
3.98,12.0,-177930.0,['C(C)(=O)OC(C1=C(C=CC=C1)CC1=CC=CC=C1)C'],,,Other Products,CH_3C(O)OH,
3.98,12.0,-178761.0,['C(C)(=O)OC(C1=CC=C(C=C1)SC)C'],,,CH_3C(O)OH,"Benzene, 1-ethenyl-4-(methylthio)-",
4.47,12.0,-181255.0,['C(C)(=O)OC(C1=C(C=CC=C1)SC)C'],,,CH_3C(O)OH,"Benzene, 1-ethenyl-2-(methylthio)-",
7.94,12.0,-177930.0,['C(C)(=O)OC(C1=CC=C(C=C1)SC1=CC=CC=C1)C'],,,Other Products,CH_3C(O)OH,
6.31,12.0,-183750.0,['C(C)(=O)OC(C1=CC(=CC=C1)SC1=CC=CC=C1)C'],,,Other Products,CH_3C(O)OH,
6.31,12.0,-182918.0,['C(C)(=O)OC(C1=C(C=CC=C1)SC1=CC=CC=C1)C'],,,CH_3C(O)OH,"Benzene, 1-ethenyl-2-(phenylthio)-",
3.16,12.0,-175435.0,['C(C)(=O)OC(C1=CC=C(C=C1)OC1=CC=CC=C1)C'],,,CH_3C(O)OH,"Benzene, 1-ethenyl-4-phenoxy-",
3.16,12.0,-177930.0,['C(C)(=O)OC(C1=C(C=CC=C1)OC1=CC=CC=C1)C'],,,Other Products,CH_3C(O)OH,
1.02,13.0,-202300.0,['C(C)OC(CN(C)C)=O'],,,C_2H_4,(CH_3)3N,CO_2
7.94,12.0,-162964.0,['COC1=CC=C(C=C1)CC(=O)OC(C)(C)C'],,,"Benzeneacetic acid, 4-methoxy-",Isobutene,
1.66,13.0,-166289.0,[None],,,Isobutene,p-tolylacetic acid,
5.37,12.0,-158806.0,['ClC1=CC=C(C=C1)CC(=O)OC(C)(C)C'],,,Isobutene,"Benzeneacetic acid, 4-chloro-",
5.62,15.0,-251929.0,['CC1(C(CC1)C)C'],,,CH_3CH=CH_2,Isobutene,
8.51,15.0,-266895.0,['CC1(C(CC1)C)C'],,,C_2H_4,(CH_3)2C=CHCH_3,
5.01,15.0,-264400.0,['C[C@@H]1OC[C@@H]1C'],,,CH_3CHO,CH_3CH=CH_2,
1.74,15.0,-261074.0,['C[C@@H]1OC[C@@H]1C'],,,CH_2O,CH_3CH=CHCH_3,
6.12,12.0,-182087.0,['C(C)(=O)OC(C1=CC2=CC=CC=C2C=C1)C'],,,CH_3C(O)OH,"Naphthalene, 2-ethenyl-",
2.1,12.0,-112245.0,[None],,,Benzocyclobutene,,
,,,[None],,,Benzocyclobutene,,
,,,[None],,,Benzocyclobutene,,
,,,[None],,,Benzocyclobutene,,
,,,[None],,,Products,,
3.0,2.0,,[None],,,(Z)-CH_2=C(CH_3)C(CH_3)=CHCH_3,,
1.89,13.0,-141346.0,[None],,,CH_2=C(CH_3)C(CH_3)=CHCH_3,,
5.6,-4.0,,[None],,,Products,,
3.4,-2.0,-92291.0,['[N+](=O)([O-])OOC(C1=CC=CC=C1)=O'],,,NO_2,Benzoyldioxy radical,
1.1,17.0,-117234.0,['[N+](=O)([O-])OOC(C1=CC=CC=C1)=O'],,,NO_2,Benzoyldioxy radical,
3.4,-2.0,-92291.0,['[N+](=O)([O-])OOC(C1=CC=CC=C1)=O'],,,NO_2,Benzoyldioxy radical,
1.1,17.0,-117234.0,['[N+](=O)([O-])OOC(C1=CC=CC=C1)=O'],,,NO_2,Benzoyldioxy radical,
1.58,15.0,-108088.0,['[N+](=O)([O-])OOC(C1=CC=CC=C1)=O'],,,NO_2,Benzoyldioxy radical,
8.49,14.0,-105594.0,['[N+](=O)([O-])OOC(C1=CC=CC=C1)=O'],,,NO_2,Benzoyldioxy radical,
2.51,11.0,-182087.0,['C(C)(=O)OC(C1=C(C=CC=C1)I)C'],,,Other Products,CH_3C(O)OH,
6.31,12.0,-189570.0,['C(C)(=O)OC(C1=C(C=CC=C1)[N+](=O)[O-])C'],,,CH_3C(O)OH,(CH_2=CH)-C_6H_4-2-(NO_2),
7.91,12.0,-187907.0,['C(C)(=O)OC(C1=CC=C(C=C1)C(F)(F)F)C'],,,CH_3C(O)OH,"Benzene, 1-ethenyl-4-(trifluoromethyl)-",
1.0,13.0,-188739.0,['C(C)(=O)OC(C1=CC(=CC=C1)C(F)(F)F)C'],,,CH_3C(O)OH,"Benzene, 1-(trifluoromethyl)-3-(ethenyl)-",
1.0,13.0,-188739.0,['C(C)(=O)OC(C1=C(C=CC=C1)C(F)(F)F)C'],,,CH_3C(O)OH,"Benzene, 1-ethenyl-2-(trifluoromethyl)-",
3.31,14.0,-225322.0,[None],,,"Cyclobutane, 1-methyl-2-methylene-",,
2.4,14.0,-225322.0,[None],,,"Cyclobutane, 1-methyl-3-methylene-",,
1.38,14.0,-225322.0,[None],,,Ethylidenecyclobutane,,
2.09,15.0,-250266.0,[None],,,CH_3CH=CH_2,CH_2=C=CH_2,
3.02,15.0,-249434.0,[None],,,C_2H_4,"1,2-butadiene",
7.59,14.0,-225322.0,[None],,,Products,,
,,-192064.0,['C(=C)OCCC1=CC=CC=C1'],,,CH_3CHO,Styrene,
7.4,14.0,-62735.0,[None],,,CH_2=CHO(.),,
2.0,4.0,,[None],,,(.)CH_2C(O)H,,
,,,[None],,,CO,(.)CH_3,
7.31,12.0,-59748.0,[None],,,CO,(.)CH_3,
4.96,13.0,-62187.0,[None],,,H_2C=C=O,H(.),
,,,[None],,,Products,,
5.01,12.0,-171278.0,['C123CCCCC1(CC2)CC3'],,,"Cyclooctane, 1,4-bis(methylene)-",,
1.0,15.0,-185413.0,[None],,,"Bicyclo[4.2.1]nonane, 2,5-bis(methylene)-",,
4.65,-5.0,,['CC=1C2CC2C1'],,,"2-Methyl-1,3-cyclopentadiene",,
3.6,-5.0,,['CC=1C2CC2C1'],,,"1-Methyl-1,3-cyclopentadiene",,
1.58,14.0,-172941.0,[None],,,"Bicyclo[4.2.1]non-7-ene,2,5-bis(methylene)-",,
6.0,11.0,-256086.0,['ClC1=C(C(=C(C=2OC3=C(OC21)C=CC=C3)Cl)Cl)Cl'],,,Products,,
1.33,1.0,-209400.0,['CN1C(CCCC1)C(=O)OCC'],,,C_2H_4,CO_2,N-Methylpiperidine
2.29,13.0,-209500.0,['CN1C(CCCC1)C(=O)OCC'],,,C_2H_4,CO_2,N-Methylpiperidine
3.16,13.0,-210500.0,['CN1C(CCCC1)C(=O)OCC'],,,C_2H_4,CO_2,N-Methylpiperidine
1.2,13.0,-183750.0,['BrC(C)CC(C)C'],,,Other Products,HBr,
2.82,14.0,-161301.0,[None],,,"Bicyclo[2.1.0]pentane, 2-methyl-, (1α, 2α, 4α)-",,
5.13,9.0,-134694.0,['C1(=CC=CC=C1)P(CC=C)CC1=CC=CC=C1'],,,CH_3CH=CH_2,"Phosphine, phenyl(phenylmethylene)-",
1.0,13.0,-187907.0,['CC(C(=O)OC1CCCCC1)(C)C'],,,tert-C_4H_9COOH,Cyclohexene,
1.4,-4.0,,['C=CCC\\C=C\\CC'],,,"3-Ethyl-1,5-hexadiene",,
3.98,12.0,-187907.0,[None],,,Other Products,HCl,
2.63,13.0,-163795.0,[None],,,"Benzeneacetic acid, 4-nitro-",Isobutene,
8.24,8.0,,[None],,,Products,,
1.4,11.0,-247771.0,['ClC1=CC2=C(OC3=C(O2)C=CC=C3)C=C1Cl'],,,Products,,
8.13,15.0,-270220.0,['C[C@@H]1OC[C@H]1C'],,,CH_3CHO,CH_3CH=CH_2,
3.09,15.0,-266063.0,['C[C@@H]1OC[C@H]1C'],,,CH_2O,CH_3CH=CHCH_3,
3.2,13.0,-255224.0,[None],,,3-Hydroxybenzaldehyde,H(.),
5.2,13.0,-224681.0,[None],,,methoxycyclopentadienyl radical,CO,
,,,[None],,,methoxycyclopentadienyl radical,CO,
4.15,-13.0,,[None],,,Products,,
2.1,-5.0,,[None],,,"Cyclooctane,1,5-bis(methylene)-",,
1.26,14.0,-253591.0,[None],,,Other Products,"Pentalene 1,2,3,4,5,6-hexahydro-",
9.33,13.0,-216176.0,[None],,,Products,,
3.98,14.0,-202873.0,[None],,,(.)CH_2CH=CH_2,C_6H_5O(.),
,,,['[N+](=O)(OCC(CCCC)CC)[O-]'],,,Products,,
2.2,16.0,-501243.0,['C(=C)=C1C=CC=C1'],,,C_2H_2,CH≡CCH_2C≡CH,
3.5,16.0,-444759.0,['C(=C)=C1C=CC=C1'],,,C_2H_2,CH_2=C=C=C=CH_2,
7.2,16.0,-413379.0,['C(=C)=C1C=CC=C1'],,,C_2H_2,CH_2=C=C=C=CH_2,
6.2,17.0,-431789.0,['C(=C)=C1C=CC=C1'],,,C_2H_2,CH_3C≡CC≡CH,
4.8,14.0,-339322.0,['C(=C)=C1C=CC=C1'],,,fulvallenyl,H(.),
,,,['C(=C)=C1C=CC=C1'],,,fulvallenyl,H(.),
2.94,30.0,-500197.0,['C(=C)=C1C=CC=C1'],,,fulvallenyl,H(.),
3.4,17.0,-412961.0,['C(=C)=C1C=CC=C1'],,,c-C_5H_4,C_2H_2,
,,,['C(=C)=C1C=CC=C1'],,,c-C_5H_4,C_2H_2,
9.05,41.0,-504172.0,['C(=C)=C1C=CC=C1'],,,c-C_5H_4,C_2H_2,
,,,['O1OC(C1=O)=O'],,,CO_2,CO_2,
3.8,12.0,-176267.0,['C(C)(=O)OC(C1=CC2=C(O1)C=CC=C2)C'],,,CH_3C(O)OH,"Benzofuran, 3-ethenyl-",
5.62,12.0,-180424.0,['C(C)(=O)OC(C=1OC=C2C1C=CC=C2)C'],,,CH_3C(O)OH,"Benzofuran, 2-ethenyl-",
6.17,12.0,-178761.0,['C(C)(=O)OC(C=1C2=C(SC1)C=CC=C2)C'],,,CH_3C(O)OH,"Benzo[b]thiophene, 3-ethenyl-",
2.29,12.0,-174604.0,['C(C)(=O)OC(C1=CC2=C(S1)C=CC=C2)C'],,,CH_3C(O)OH,"Benzo[b]thiophene, 2-ethenyl-",
3.16,12.0,-167121.0,['CC1(C(=C1C)C)C'],,,Products,,
7.75,9.0,-228028.0,['CC(CC#C)=O'],,,2-Methylfuran,,
1.1,-3.0,,[None],,,Products,,
3.98,13.0,-175435.0,['C[C@H]1[C@@H](C(C1=C)=C)C'],,,Products,,
6.22,12.0,-167952.0,['C[C@H]1[C@@H](C(C1=C)=C)C'],,,Products,,
5.01,13.0,-176267.0,['C[C@H]1[C@H](C(C1=C)=C)C'],,,Products,,
4.15,14.0,-187076.0,['C[C@H]1[C@H](C(C1=C)=C)C'],,,Products,,
3.64,8.0,,[None],,,Products,,
3.4,12.0,-164627.0,['COC=1OC=CC1'],,,Products,,
9.91,8.0,,[None],,,Products,,
1.4,-3.0,,['CC(C)OC(=O)C1=CC2=CC=CC=C2C=C1'],,,2-Naphthalenecarboxylic acid,CH_3CH=CH_2,
1.59,13.0,-208693.0,['C(C)OC1=NC=NC=C1'],,,C_2H_4,4(3H)-Pyrimidinone,
,,,[None],,,hydroxycyclopentadienyl radical,CO,
3.98,11.0,-192064.0,['C1(=CC=CC=C1)\\C=C/C#N'],,,"2-Propenenitrile, 3-phenyl-, (E)-",,
2.4,10.0,-134694.0,[None],,,Cyclopentadiene,"4,7-Methano-1H-indene, 3a,4,7,7a-tetrahydro-, (3aα,4β,7β,7aα)-",
2.04,16.0,-272715.0,['CC1(CC(C1)(C)C)C'],,,Isobutene,Isobutene,
1.2,12.0,-439738.0,['C1(C=CC=CC1)=O'],,,"2,5-Cyclohexadienone",,
2.07,42.0,-696218.0,['C1(C=CC=CC1)=O'],,,"2,5-Cyclohexadienone",,
5.97,12.0,-212900.0,['C1(C=CC=CC1)=O'],,,Phenol,,
1.04,12.0,-213802.0,['C1(C=CC=CC1)=O'],,,Phenol,,
1.76,12.0,-213384.0,['C1(C=CC=CC1)=O'],,,cy-C_6H_6-O,,
9.24,12.0,-102090.0,['C1(C=CC=CC1)=O'],,,CH_2=CHCH=CHCH=C=O,,
3.09,13.0,-161509.0,['C1(C=CC=CC1)=O'],,,Bicyclo(3.1.0)hex-2-en-6-one,,
1.56,13.0,-180075.0,['C1(C=CC=CC1)=O'],,,cyc-C(=O)C((.))HCH_2CH=CHCH((.)),,
3.3,34.0,-502917.0,['C1(C=CC=CC1)=O'],,,"cis-1,3-butadienyl-4-ketene",,
5.42,12.0,-303758.0,['C1(C=CC=CC1)=O'],,,"cis-1,3-butadienyl-4-ketene",,
5.01,11.0,-74913.0,[None],,,CO,Cyclopropyl,
2.95,-3.0,,['BrC=1C=C(C(=O)OCC)C=CC1'],,,C_2H_4,"Benzoic acid, 3-bromo-",
,,,['BrC=1C=C(C(=O)OCC)C=CC1'],,,C_2H_4,"Benzoic acid, 3-bromo-",
1.86,11.0,-129706.0,['CC12CCC2(CC1)C'],,,CH_2=C(CH_3)CH_2CH_2C(CH_3)=CH_2,,
1.14,-2.0,,['C(C)(=O)OC(C1=CC=CC=C1)C1=CC=CC=C1'],,,CH_3C(O)OH,"1,2-Diphenylethylene",
8.13,12.0,-204400.0,[None],,,C_2H_4,CO_2,N-Methylpiperidine
2.51,13.0,-140515.0,['C1(=CCC1)C#N'],,,CH_2=CHC(CN)=CH_2,,
2.14,9.0,-119728.0,[None],,,Cyclopentadiene,"1,4-Cyclohexadiene,1,4-dimethyl-3,6-bis(methylene)-",
,,,[None],,,(C_60)Sn(CH_3)2,,
,,,['CC12C3C4C5C3C1C5C24'],,,Products,,
3.22,12.0,-119495.0,[None],,,"Spiro[2.5]octa-1,5,7-trien-4-yl",,
1.88,12.0,-138783.0,[None],,,"Bicyclo[4.2.0]octa-2,4,7-trien-1-yl",,
1.1,12.0,-115060.0,[None],,,2-((.))C_6H_4C_2H_3,,
6.36,13.0,-191376.0,[None],,,C_6H_5C((.))=CH_2,,
4.06,13.0,-162799.0,[None],,,Phenylacetylene,H(.),
9.37,14.0,-191251.0,[None],,,C_2H_2,Phenyl,
1.38,14.0,-233637.0,['ClCCCCC1=CC=C(C=C1)OC'],,,HCl,"Benzene, 1-(3-butenyl)-4-methoxy-",
1.56,-3.0,,['ClC1=CC=C(C(=O)OC(C)C)C=C1'],,,"Benzoic acid, 4-chloro-",CH_3CH=CH_2,
1.42,14.0,-272149.0,[None],,,3-methylphenyl,,
1.5,8.0,,[None],,,Benzyl,,
3.34,13.0,-192164.0,[None],,,Benzyl,,
7.36,-3.0,,['CC(C)OC(CCC1=CC=CC=C1)=O'],,,CH_3CH=CH_2,Benzenepropanoic acid,
3.98,15.0,-289344.0,['FC1(CCC1)F'],,,Products,,
2.88,12.0,-177098.0,['C(C)(=O)OC1CCCCCCCCCCCCCC1'],,,CH_3C(O)OH,Cyclopentadecene (unspecified),
9.8,-1.0,,[None],,,Products,HCl,
1.1,-10.0,-9894.0,[None],,,Products,,
1.0,-14.0,,[None],,,CH_2OC_4F_9,HCl,
9.3,-14.0,,[None],,,CH_2OC_4F_9,HCl,
5.0,-2.0,,[None],,,CH_2OC_4F_9,HCl,
1.9,-1.0,,[None],,,CH_2OC_4F_9,HCl,
1.54,-11.0,-4490.0,[None],,,CH_2DCDCl(.),DCl,
9.4,-1.0,8223.0,[None],,,CH_2DCDCl(.),DCl,
8.2,-12.0,-17008.0,[None],,,Products,,
1.0,-11.0,,[None],,,Products,,
4.62,-12.0,2034.0,[None],,,Products,,
5.91,-13.0,,[None],,,Products,,
9.9,-2.0,,[None],,,Products,,
1.5,-13.0,,[None],,,HCl,CH_2FO_2,
4.0,-1.0,,[None],,,HCl,CH_2FO_2,
6.09,-10.0,-6477.0,[None],,,CFCl_2CH_2O(.),ClO,
3.8,-12.0,-8048.0,[None],,,Products,,
2.4,-14.0,,[None],,,Products,,
2.2,-14.0,,[None],,,Products,,
2.3,-14.0,,[None],,,Products,,
7.4,-1.0,,[None],,,Products,,
2.2,-1.0,,[None],,,Products,,
2.14,-11.0,-3326.0,[None],,,CHD_2CHCl(.),HCl,
2.6,-2.0,9395.0,[None],,,CHD_2CHCl(.),HCl,
2.84,-10.0,,[None],,,Products,,
2.1,-1.0,,[None],,,Products,,
5.22,-11.0,,[None],,,Products,,
5.5,-1.0,,[None],,,Products,,
6.0,-2.0,,[None],,,Products,,
5.9,-1.0,,[None],,,Products,,
9.0,-2.0,,[None],,,Products,,
1.5,-1.0,,[None],,,CF_3CH((.))CHCl_2,,
8.5,-1.0,,[None],,,CF_3CHClCHCl(.),,
1.02,-11.0,-9811.0,[None],,,(.)CD_2CHDCl,DCl,
6.24,-1.0,2927.0,[None],,,(.)CD_2CHDCl,DCl,
3.11,-11.0,,[None],,,Adduct,,
4.9,-28.0,,[None],,,FC(O)OCl,,
5.9,-28.0,,[None],,,FC(O)OCl,,
1.9,-28.0,,[None],,,FC(O)OCl,,
2.2,-28.0,,[None],,,FC(O)OCl,,
4.4,-11.0,,[None],,,FC(O)OCl,,
4.39,-11.0,,[None],,,FC(O)OCl,,
1.2,-15.0,,[None],,,Products,,
1.52,-1.0,,[None],,,Products,,
5.0,-2.0,,[None],,,Products,,
,,,[None],,,Cl_3SiCH_2(.),,
1.5,-10.0,-6211.0,[None],,,Other Products,DCl,
1.21,-11.0,,[None],,,C_2D_4,DCl,
2.09,-11.0,,[None],,,Products,,
,,,[None],,,HCl,SiHCl,
,,,[None],,,SiH_2Cl_2,,
8.37,-11.0,,[None],,,Products,,
8.51,-11.0,,[None],,,Products,,
8.44,-11.0,,[None],,,Products,,
8.7,-2.0,,[None],,,Products,,
9.16,-1.0,,[None],,,Products,,
,,,[None],,,SiHCl_3,,
,,,[None],,,HCl,SiCl_2,
1.37,-10.0,831.0,[None],,,Other Products,DCl,
3.5,-17.0,,[None],,,Products,,
3.2,-2.0,,[None],,,Products,,
1.75,-12.0,,[None],,,Products,,
2.8,-12.0,,[None],,,Products,,
9.5,-2.0,,[None],,,Products,,
,,,[None],,,Products,,
2.92,-11.0,-11308.0,[None],,,Products,,
1.73,-11.0,-9545.0,[None],,,CD_2ClCDCl(.),DCl,
5.71,-12.0,,[None],,,Products,,
3.65,-13.0,-106425.0,[None],,,(.)CH,HCl,
2.94,-14.0,-7400.0,[None],,,Other Products,HCl,
1.14,-15.0,,[None],,,Products,,
1.0,-15.0,,[None],,,Products,,
9.4,-16.0,,[None],,,Products,,
1.2,-15.0,,[None],,,Products,,
1.1,-15.0,,[None],,,Products,,
7.6,-1.0,,[None],,,Products,,
1.26,-1.0,,[None],,,Products,,
8.0,-1.0,,[None],,,Products,,
1.43,-1.0,,[None],,,Products,,
4.6,-2.0,,[None],,,Products,,
8.3,-1.0,,[None],,,CF_3C((.))FOCHF_2,HCl,
,,,[None],,,CF_3C((.))FOCHF_2,HCl,
1.7,-1.0,,[None],,,CF_3CHFOC((.))F_2,HCl,
,,,[None],,,CF_3CHFOC((.))F_2,HCl,
9.51,-11.0,-5072.0,[None],,,Other Products,DCl,
3.11,-12.0,-11890.0,[None],,,Other Products,HCl,
1.86,-11.0,,[None],,,Products,,
1.81,-11.0,,[None],,,Products,,
1.84,-11.0,,[None],,,Products,,
1.9,-11.0,,[None],,,Products,,
3.3,-1.0,,[None],,,Products,,
9.0,-2.0,,[None],,,Products,,
2.5,-1.0,,[None],,,Products,,
2.77,-16.0,,[None],,,Products,,
9.47,-1.0,,[None],,,Products,,
9.99,-11.0,,[None],,,Products,,
9.43,-11.0,,[None],,,Products,,
8.82,-11.0,,[None],,,Products,,
9.41,-11.0,,[None],,,Products,,
,,,[None],,,Products,,
,,,[None],,,Products,,
9.08,-1.0,,[None],,,Products,,
3.01,-12.0,,[None],,,Other Products,HCl,
5.0,-2.0,,[None],,,Other Products,HCl,
4.6,-13.0,,[None],,,Products,,
1.27,-10.0,,[None],,,NO_3,BrCl,
1.72,-10.0,,[None],,,Products,,
1.8,-1.0,,[None],,,Products,,
,,,[None],,,CH_3SiCl_3,,
5.74,-13.0,,[None],,,Products,,
4.4,-11.0,,[None],,,Other Products,HCl,
1.7,-1.0,,[None],,,Other Products,HCl,
2.49,-10.0,,[None],,,Products,,
2.36,-10.0,,[None],,,Products,,
2.45,-10.0,,[None],,,Products,,
2.5,-10.0,,[None],,,Products,,
2.0,-2.0,,[None],,,Products,,
7.33,-1.0,,[None],,,Products,,
8.56,-1.0,,[None],,,Products,,
3.0,-11.0,,[None],,,Products,,
5.1,-13.0,,[None],,,Products,,
4.9,-1.0,,[None],,,Products,,
1.2,-1.0,,[None],,,Products,,
9.07,-11.0,,[None],,,Products,,
9.87,-1.0,,[None],,,Products,,
1.4,-1.0,,[None],,,Products,,
7.4,-1.0,,[None],,,CF_3CHCH_2Cl,,
2.6,-1.0,,[None],,,CF_3CHClCH_2,,
6.3,-14.0,,[None],,,Products,,
6.51,-1.0,,[None],,,Products,,
3.2,-2.0,,[None],,,Products,,
3.06,-29.0,-199.0,[None],,,Products,,
,,,[None],,,CF_3CH_2OC((.))O,HCl,
,,,[None],,,CF_3C((.))HOCHO,HCl,
1.01,-13.0,,[None],,,Products,,
1.1,-13.0,,[None],,,Products,,
1.1,-13.0,,[None],,,Products,,
4.4,-2.0,,[None],,,Products,,
2.06,-1.0,,[None],,,Products,,
,,,[None],,,(CF_3)2CHOCHF(.),HCl,
1.13,-13.0,,[None],,,(CF_3)2CHOCHF(.),HCl,
,,,[None],,,(CF_3)2C((.))OCH_2F,HCl,
1.0,-18.0,,[None],,,(CF_3)2C((.))OCH_2F,HCl,
1.0,-12.0,,[None],,,Other Products,HCl,
6.76,-14.0,-5737.0,[None],,,Other Products,HCl,
4.3,-15.0,,[None],,,Products,,
4.5,-15.0,,[None],,,Products,,
4.73,-15.0,,[None],,,Products,,
1.6,-11.0,-20370.0,[None],,,Products,,
7.8,-11.0,-24777.0,[None],,,Products,,
4.9,-2.0,,[None],,,Products,,
7.76,-1.0,,[None],,,Products,,
5.5,-15.0,,[None],,,Products,,
,,,[None],,,CF_3C((.))ClOCHF_2,HCl,
,,,[None],,,CF_3CHClOC((.))F_2,HCl,
6.61,-12.0,-12887.0,[None],,,Cl_2,NCl,
6.61,-12.0,-12971.0,[None],,,Cl_2,NCl,
5.25,-14.0,,[None],,,Cl_2,NCl,
1.55,-11.0,-4490.0,[None],,,Other Products,DCl,
9.44,-1.0,8231.0,[None],,,Other Products,DCl,
1.55,-11.0,-4473.0,[None],,,CHD_2CDCl(.),DCl,
9.44,-1.0,8231.0,[None],,,CHD_2CDCl(.),DCl,
9.07,-11.0,,[None],,,Products,,
9.1,-11.0,,[None],,,Products,,
9.87,-1.0,,[None],,,Products,,
1.4,-1.0,,[None],,,Products,,
4.1,-44.0,-15990.0,[None],,,CF_2ClCH_2(.),HCl,
1.0,-12.0,-14966.0,[None],,,(.)CH_2CCl_2F,HCl,
1.79,-12.0,-16629.0,[None],,,(.)CH_2CCl_2F,HCl,
1.0,-12.0,-14966.0,[None],,,(.)CH_2CCl_2F,HCl,
1.0,-12.0,-14966.0,[None],,,(.)CH_2CCl_2F,HCl,
3.01,-12.0,-18458.0,[None],,,(.)CH_2CCl_2F,HCl,
1.6,-12.0,-14966.0,[None],,,(.)CH_2CCl_2F,HCl,
2.04,-15.0,,[None],,,(.)CH_2CCl_2F,HCl,
2.41,-15.0,,[None],,,(.)CH_2CCl_2F,HCl,
2.09,-15.0,,[None],,,(.)CH_2CCl_2F,HCl,
3.35,-1.0,,[None],,,(.)CH_2CCl_2F,HCl,
4.0,-2.0,,[None],,,(.)CH_2CCl_2F,HCl,
2.38,-2.0,,[None],,,(.)CH_2CCl_2F,HCl,
3.5,-43.0,-14026.0,[None],,,(.)CH_2CCl_2F,HCl,
6.55,-2.0,,[None],,,ClF,ClF,
4.65,2.0,18375.0,[None],,,CHCl_2CCl_3,,
1.18,-10.0,,[None],,,Products,,
2.14,-11.0,-3367.0,[None],,,Other Products,HCl,
2.6,-2.0,9312.0,[None],,,Other Products,HCl,
7.39,-45.0,-3367.0,[None],,,CH_2DCHCl(.),HCl,
2.6,-2.0,9312.0,[None],,,CH_2DCHCl(.),HCl,
6.15,-34.0,7533.0,[None],,,Cl_2,,
3.45,-33.0,6818.0,[None],,,Cl_2,,
6.04,-34.0,7483.0,[None],,,Cl_2,,
3.47,-33.0,6735.0,[None],,,Cl_2,,
5.51,-33.0,,[None],,,Cl_2,,
1.13,-32.0,,[None],,,Cl_2,,
4.63,-32.0,,[None],,,Cl_2,,
5.29,-32.0,,[None],,,Cl_2,,
1.38,-32.0,,[None],,,Cl_2,,
1.13,-32.0,,[None],,,Cl_2,,
5.65,-32.0,,[None],,,Cl_2,,
2.21,-32.0,,[None],,,Cl_2,,
3.58,-32.0,,[None],,,Cl_2,,
3.58,-32.0,,[None],,,Cl_2,,
3.31,-32.0,,[None],,,Cl_2,,
3.86,-32.0,,[None],,,Cl_2,,
5.51,-32.0,,[None],,,Cl_2,,
4.69,-33.0,,[None],,,Cl_2,,
3.58,-32.0,,[None],,,Cl_2,,
2.04,-32.0,,[None],,,Cl_2,,
1.6,-33.0,6693.0,[None],,,Cl_2,,
4.47,-33.0,5014.0,[None],,,Cl_2,,
3.47,-33.0,2760.0,[None],,,Cl_2,,
4.3,-33.0,6269.0,[None],,,Cl_2,,
4.05,-33.0,1081.0,[None],,,Cl_2,,
6.89,-34.0,7525.0,[None],,,Cl_2,,
6.62,-33.0,4057.0,[None],,,Cl_2,,
5.79,-32.0,,[None],,,Cl_2,,
5.79,-32.0,,[None],,,Cl_2,,
1.54,-31.0,,[None],,,Cl_2,,
1.57,-31.0,,[None],,,Cl_2,,
1.52,-31.0,,[None],,,Cl_2,,
3.86,-33.0,,[None],,,Cl_2,,
4.14,-32.0,,[None],,,Cl_2,,
4.69,-33.0,,[None],,,Cl_2,,
2.07,-32.0,,[None],,,Cl_2,,
1.17,-32.0,,[None],,,Cl_2,,
5.51,-34.0,7525.0,[None],,,Cl_2,,
3.47,-33.0,6693.0,[None],,,Cl_2,,
5.51,-34.0,7525.0,[None],,,Cl_2,,
3.47,-33.0,6693.0,[None],,,Cl_2,,
1.17,-32.0,,[None],,,Cl_2,,
5.63,-32.0,,[None],,,Cl_2,,
7.94,-32.0,,[None],,,Cl_2,,
8.27,-33.0,,[None],,,Cl_2,,
1.1,-32.0,,[None],,,Cl_2,,
1.65,-33.0,,[None],,,Cl_2,,
5.51,-32.0,,[None],,,Cl_2,,
9.15,-33.0,11640.0,[None],,,Cl_2,,
1.41,-33.0,11640.0,[None],,,Cl_2,,
6.64,-11.0,,[None],,,Cl_2,,
,,,[None],,,Cl_2,,
3.24,12.0,-192064.0,['C(C)(=O)OCCC1=CC=C(C=C1)OC'],,,CH_3C(O)OH,"Benzene, 1-ethenyl-4-methoxy-",
3.43,12.0,-193727.0,['C(C)(=O)OCCC1=CC=C(C=C1)OC'],,,CH_3C(O)OH,"Benzene, 1-ethenyl-4-methoxy-",
3.16,12.0,-192064.0,['C(C)(=O)OCCC1=CC=C(C=C1)C'],,,CH_3C(O)OH,4-Methylstyrene,
3.08,12.0,-192064.0,['C(C)(=O)OCCC1=CC=C(C=C1)C'],,,CH_3C(O)OH,4-Methylstyrene,
,,,['C(C)C1C=CC=C1'],,,Other Products,H(.),
3.9,-4.0,,['C(/C)=C\\1/C(/CC1)=C/C'],,,Products,,
1.95,12.0,-171278.0,['C(C)(=O)OC(C=1OC=CC1)C'],,,CH_3C(O)OH,2-Vinylfuran,
2.09,12.0,-172110.0,['C(C)(=O)OC(C=1SC=CC1)C'],,,CH_3C(O)OH,"Thiophene, 2-ethenyl-",
1.23,13.0,-183750.0,[None],,,CH_3C(O)OH,"Furan, 3-ethyenyl-",
3.55,9.0,-99774.0,['CC1(OOCO1)C'],,,HC(O)OH,Acetone,
5.36,13.0,-149660.0,['C(=C)C1=C(CC1)CC'],,,CH_2=CHC(=CH_2)C(=CH_2)CH_2CH_3,,
2.09,10.0,-147580.0,['C(=O)C1=CC=C(OCC(=O)O)C=C1'],,,CH_2O,4-Hydroxybenzaldehyde,CO
1.26,14.0,-253591.0,['C[Ge]1(CCC1)C'],,,CH_3CH=CH_2,(CH_3)2Ge:,
5.01,14.0,-264400.0,['C[Ge]1(CCC1)C'],,,C_2H_4,(CH_3)2Ge=CH_2,
2.0,13.0,-207862.0,['C(C)(=O)OCCC1CCCCC1'],,,CH_3C(O)OH,Vinylcyclohexane,
4.68,14.0,-263569.0,['C[C@@H]1O[C@H]1C'],,,"cis-2,3-Dimethyloxirane",,
5.37,12.0,-232805.0,['C[C@@H]1O[C@H]1C'],,,CH_2=CHCH(OH)CH_3,,
1.7,14.0,-262737.0,['C[C@@H]1O[C@H]1C'],,,CH_2=CHOC_2H_5,,
1.74,14.0,-247771.0,['C[C@@H]1O[C@H]1C'],,,C_2H_5COCH_3,,
3.58,12.0,-116336.0,[None],,,Benzene,H(.),
2.57,13.0,-205367.0,[None],,,"Bicyclo[4.2.2]deca-3,7-diene-",,
1.05,14.0,-211188.0,[None],,,"Naphthalene, 1,2,4-1,5,8,8a-",,
9.33,13.0,-214513.0,[None],,,"Bicyclo[2.2.2]oct-2-ene, 5-ethenyl-,(1α,4α,5β)-",,
8.91,14.0,-221996.0,[None],,,"1,3-Butadiene","1,3-Cyclohexadiene",
8.13,12.0,-206199.0,[None],,,"Bicyclo[4.2.2]deca-3,7-diene-",,
8.91,12.0,-186244.0,[None],,,"Naphthalene, 1,2,4-1,5,8,8a-",,
8.91,13.0,-215345.0,[None],,,"Bicyclo[2.2.2]oct-2-ene, 5-ethenyl-,(1α,4α,5α)-",,
2.88,14.0,-215345.0,[None],,,"1,3-Butadiene","1,3-Cyclohexadiene",
,,,['CC1C(CC1)C=CC'],,,"(Z)-1,5-Octadiene",,
,,,['CC1C(CC1)C=CC'],,,"(E)-1,5-Octadiene",,
1.79,12.0,-182087.0,[None],,,CH_3C(O)OH,"Cyclohexene, 3-methyl-6-(1-methylethyl)-, cis-",
3.22,12.0,-182087.0,[None],,,CH_3C(O)OH,"Cyclohexene, 4-methyl-1-(1-methylethyl)-",
3.63,15.0,-199547.0,['CN1N=NN=C1C1=CC=CC=C1'],,,Other Products,N_2,
1.95,15.0,-177098.0,['CN1N=C(N=N1)C1=CC=CC=C1'],,,Other Products,N_2,
1.3,-14.0,1563.0,[None],,,Cyclopentanol,Cyclopentanone,O_2
2.91,-13.0,-4615.0,[None],,,Products,,
2.91,-13.0,-4615.0,[None],,,Products,,
2.57,13.0,-237960.0,['C=C1C=CC=CC1'],,,Toluene,,
6.61,13.0,-157975.0,['C12C3C4C3C2C2C4C21'],,,Products,,
2.7,-5.0,,['C[C@@H]1[C@@H](C1)C(=O)OC'],,,"Cyclopropanecarboxylic acid, 2-methyl-, methyl ester, trans-",,
6.7,-6.0,,['C[C@@H]1[C@@H](C1)C(=O)OC'],,,(Z)-C_2H_5CH=CHC(O)OCH_3,(Z)-CH_3CH=CHCH_2C(O)OCH_3,
2.84,12.0,-197053.0,['ClC(C)C1=CC=C(C#N)C=C1'],,,"Benzonitrile, 4-ethenyl-",HCl,
1.71,12.0,-184581.0,['BrC1=CC=C(C=C1)C(C)Cl'],,,"Benzene, 1-bromo-4-ethenyl-",HCl,
1.95,14.0,-196300.0,['ClC(=O)OCC(C)(C)C'],,,CO_2,t-C_4H_9CH_2Cl,
1.32,12.0,-178200.0,['ClC(=O)OCC(C)(C)C'],,,methylbutene,CO_2,HCl
,,,[None],,,Products,,
1.66,14.0,-127211.0,[None],,,"1,3,5,7-Cyclooctatetraene",,
1.02,14.0,-136357.0,[None],,,"1,3,5,7-Cyclooctatetraene",,
1.51,14.0,-135526.0,[None],,,"1,3,5,7-Cyclooctatetraene",,
2.29,13.0,-120560.0,[None],,,"1,3,5,7-Cyclooctatetraene",,
1.58,13.0,-183750.0,['C(C)(=O)O[C@H]1[C@@H](CCCC1)C(C)(C)C'],,,CH_3C(O)OH,"Cyclohexene, 3-(1,1-dimethylethyl)-",
4.73,13.0,-183750.0,['C(C)(=O)O[C@H]1[C@@H](CCCC1)C(C)(C)C'],,,CH_3C(O)OH,"Cyclohexene, 1-(1,1-dimethylethyl)-",
1.26,13.0,-197053.0,['C(C)(=O)O[C@H]1[C@H](CCCC1)C(C)(C)C'],,,CH_3C(O)OH,"Cyclohexene, 3-(1,1-dimethylethyl)-",
4.13,-10.0,,['C(C\\C=C/CCCC)O'],,,Products,,
1.55,12.0,-167121.0,['C1(=CC=CC=C1)CCOS(=O)(=O)C'],,,HOSO_2CH_3,Styrene,
1.74,12.0,-184581.0,['ClC1=CC=C(C=C1)C(C)Cl'],,,"Benzene, 1-chloro-4-ethenyl-",HCl,
1.1,12.0,-178761.0,[None],,,3-Methylstyrene,HCl,
1.32,13.0,-192064.0,['C(C)C1=CCC=CC1'],,,Ethylbenzene,H_2,
1.2,15.0,-241.0,['C(C)[C@H]1[C@H](C1)C'],,,"Cyclopropane, 1-ethyl-2-methyl-, trans-",,
3.3,-1.0,,['C(C1=CC=CC=C1)(=O)OC(C1=CC(=CC=C1)[N+](=O)[O-])C'],,,Benzoic acid,"Benzene, 1-ethenyl-3-nitro-",
3.2,-1.0,,['C(C1=CC=CC=C1)(=O)OC(C1=CC=C(C=C1)[N+](=O)[O-])C'],,,Benzoic acid,"Benzene, 1-ethenyl-4-nitro-",
5.4,-1.0,,['C(C1=CC=CC=C1)(=O)OC(C1=CC(=CC=C1)Cl)C'],,,Benzoic acid,"Benzene, 1-chloro-3-ethenyl-",
5.0,-1.0,,['C(C1=CC=CC=C1)(=O)OC(C1=C(C=CC=C1)Cl)C'],,,Benzoic acid,2-Chlorostyrene,
8.09,-1.0,,['C(C1=CC=CC=C1)(=O)OC(C1=CC=C(C=C1)Cl)C'],,,Benzoic acid,"Benzene, 1-chloro-4-ethenyl-",
5.6,-1.0,,['C(C1=CC=CC=C1)(=O)OC(C1=CC(=CC=C1)Br)C'],,,Benzoic acid,"Benzene, 1-bromo-3-ethenyl-",
,,,['C(C1=CC=CC=C1)(=O)OC(C1=CC=C(C=C1)OC)C'],,,Benzoic acid,"Benzene, 1-ethenyl-4-methoxy-",
7.91,-1.0,,['C(C1=CC=CC=C1)(=O)OC(C1=CC=C(C=C1)Br)C'],,,Benzoic acid,"Benzene, 1-bromo-4-ethenyl-",
,,,[None],,,Benzoic acid,3-Methylstyrene,
,,,[None],,,Benzoic acid,2-Methylstyrene,
,,,[None],,,Benzoic acid,4-Methylstyrene,
,,,['C(C1=CC=CC=C1)(=O)OC(C1=C(C=CC=C1)OC)C'],,,Benzoic acid,"Benzene, 1-ethenyl-2-methoxy-",
3.2,-1.0,,['CC(C1=CC=C(C=C1)[N+](=O)[O-])OC(OC)=O'],,,"Benzene, 1-ethenyl-4-nitro-",CH_3OC(O)OH,
3.39,12.0,-176267.0,['C(C)(=O)OC(C1=CC=C(C=C1)Cl)C'],,,CH_3C(O)OH,"Benzene, 1-chloro-4-ethenyl-",
7.24,-3.0,,['C(C)(=O)OC(C1=CC=C(C=C1)Cl)C'],,,CH_3C(O)OH,"Benzene, 1-chloro-4-ethenyl-",
4.25,12.0,-182087.0,['C(C)(=O)OC(C1=CC=C(C=C1)Cl)C'],,,CH_3C(O)OH,"Benzene, 1-chloro-4-ethenyl-",
8.49,-1.0,,['C(C)(=O)OC(C1=CC=C(C=C1)Cl)C'],,,CH_3C(O)OH,"Benzene, 1-chloro-4-ethenyl-",
1.41,12.0,-167952.0,['C(C)(=O)OC(C1=CC=C(C=C1)C)C'],,,CH_3C(O)OH,4-Methylstyrene,
1.26,-2.0,,['C(C)(=O)OC(C1=CC=C(C=C1)C)C'],,,CH_3C(O)OH,4-Methylstyrene,
7.06,12.0,-181255.0,['C(C)(=O)OC(C1=CC=C(C=C1)C)C'],,,CH_3C(O)OH,4-Methylstyrene,
,,,['C(C)(=O)OC(C1=CC=C(C=C1)C)C'],,,CH_3C(O)OH,4-Methylstyrene,
1.53,-2.0,,['C(C)(=O)OC(C1=C(C=CC=C1)OC)C'],,,CH_3C(O)OH,"Benzene, 1-ethenyl-2-methoxy-",
1.47,13.0,-184581.0,['C(C)(=O)OC(C1=C(C=CC=C1)OC)C'],,,CH_3C(O)OH,"Benzene, 1-ethenyl-2-methoxy-",
,,,['C(C)(=O)OC(C1=C(C=CC=C1)OC)C'],,,CH_3C(O)OH,"Benzene, 1-ethenyl-2-methoxy-",
3.1,-1.0,,['CC(C1=C(C=CC=C1)[N+](=O)[O-])OC(OC)=O'],,,(CH_2=CH)-C_6H_4-2-(NO_2),CH_3OC(O)OH,
5.6,-1.0,,['COC(OC(C1=CC(=CC=C1)Br)C)=O'],,,"Benzene, 1-bromo-3-ethenyl-",CH_3OC(O)OH,
,,,[None],,,3-Methylstyrene,CH_3OC(O)OH,
1.29,12.0,-176267.0,['C(C)(=O)OC(C1=CC(=CC=C1)[N+](=O)[O-])C'],,,CH_3C(O)OH,"Benzene, 1-ethenyl-3-nitro-",
3.33,-3.0,,['C(C)(=O)OC(C1=CC(=CC=C1)[N+](=O)[O-])C'],,,CH_3C(O)OH,"Benzene, 1-ethenyl-3-nitro-",
4.55,12.0,-186244.0,['C(C)(=O)OC(C1=CC(=CC=C1)[N+](=O)[O-])C'],,,CH_3C(O)OH,"Benzene, 1-ethenyl-3-nitro-",
3.4,-1.0,,['C(C)(=O)OC(C1=CC(=CC=C1)[N+](=O)[O-])C'],,,CH_3C(O)OH,"Benzene, 1-ethenyl-3-nitro-",
1.62,12.0,-177930.0,['C(C)(=O)OC(C1=CC=C(C=C1)[N+](=O)[O-])C'],,,CH_3C(O)OH,"Benzene, 1-ethenyl-4-nitro-",
3.0,-1.0,,['C(C)(=O)OC(C1=CC=C(C=C1)[N+](=O)[O-])C'],,,CH_3C(O)OH,"Benzene, 1-ethenyl-4-nitro-",
4.92,-3.0,,['C(C)(=O)OC(C1=CC(=CC=C1)Cl)C'],,,CH_3C(O)OH,"Benzene, 1-chloro-3-ethenyl-",
5.86,12.0,-185413.0,['C(C)(=O)OC(C1=CC(=CC=C1)Cl)C'],,,CH_3C(O)OH,"Benzene, 1-chloro-3-ethenyl-",
5.79,-1.0,,['C(C)(=O)OC(C1=CC(=CC=C1)Cl)C'],,,CH_3C(O)OH,"Benzene, 1-chloro-3-ethenyl-",
6.64,-3.0,,['C(C)(=O)OC(C1=CC=C(C=C1)Br)C'],,,CH_3C(O)OH,"Benzene, 1-bromo-4-ethenyl-",
2.7,12.0,-179593.0,['C(C)(=O)OC(C1=CC=C(C=C1)Br)C'],,,CH_3C(O)OH,"Benzene, 1-bromo-4-ethenyl-",
8.09,-1.0,,['C(C)(=O)OC(C1=CC=C(C=C1)Br)C'],,,CH_3C(O)OH,"Benzene, 1-bromo-4-ethenyl-",
4.37,12.0,-175435.0,[None],,,CH_3C(O)OH,3-Methylstyrene,
,,,[None],,,CH_3C(O)OH,3-Methylstyrene,
4.47,14.0,-178761.0,[None],,,CH_3C(O)OH,2-Methylstyrene,
,,,[None],,,CH_3C(O)OH,2-Methylstyrene,
1.35,-2.0,,[None],,,CH_3C(O)OH,2-Methylstyrene,
2.62,12.0,-176267.0,[None],,,CH_3C(O)OH,2-Methylstyrene,
9.1,11.0,-166289.0,['[N+](=O)([O-])C1=CC=C(C(=O)OC(C)(C)C)C=C1'],,,4-Nitrobenzoic acid,Isobutene,
,,,['[N+](=O)([O-])C1=CC=C(C(=O)OC(C)(C)C)C=C1'],,,4-Nitrobenzoic acid,Isobutene,
6.17,12.0,-199700.0,['N1(CCCCC1)CCC(=O)OCC'],,,C_2H_4,CO_2,"Piperidine, 1-ethyl-"
,,,[None],,,Products,,
,,,[None],,,Cyclopropene,,
5.68,12.0,-3766.0,[None],,,Cyclopropene,,
,,,[None],,,CH_2=C=CH_2,,
1.78,12.0,-27614.0,[None],,,CH_2=C=CH_2,,
,,,[None],,,HC≡CCH_3,,
6.84,12.0,-78241.0,[None],,,HC≡CCH_3,,
7.94,12.0,-12887.0,['CC(C)(C)NC(C1=CC=C(C=C1)OC)=O'],,,Isobutene,"Benzamide, 4-methoxy-",
9.33,13.0,-146335.0,['C(=C)[C@]1([C@@H](CC1)C(=C)C)C'],,,Products,,
4.17,13.0,-129706.0,['C(=C)[C@]1([C@](CC1)(C)C=C)C'],,,Products,,
3.56,11.0,-152716.0,[None],,,3-hexyl radical,,
1.31,6.0,-60668.0,[None],,,1-hexyl radical,,
4.13,10.0,-145603.0,[None],,,2-hexyl radical,,
1.39,13.0,-127863.0,[None],,,1-C_5H_10,(.)CH_3,
1.0,-1.0,,[None],,,1-C_4H_8,(.)C_2H_5,
,,-3176.0,[None],,,1-C_4H_8,(.)C_2H_5,
,,,[None],,,1-C_4H_8,(.)C_2H_5,
1.69,13.0,-123554.0,[None],,,1-C_4H_8,(.)C_2H_5,
,,,[None],,,BH_3,BH_3,
,,,[None],,,H_2,B_2H_4,
,,,[None],,,Products,,
1.1,-3.0,,['CC1=CC=C(C(=O)OC(C)C)C=C1'],,,4-Methylbenzoic acid,CH_3CH=CH_2,
,,,[None],,,Cl_3SiCH_2(.),,
,,,[None],,,SiCl_4,,
,,,[None],,,Si_2Cl_6,,
,,,[None],,,SiCl_4,SiCl_2,
7.64,-9.0,-272839.0,[None],,,SiCl_2,(.)Cl,
,,,[None],,,SiCl_2,(.)Cl,
1.32,-11.0,,[None],,,"Ethane, 1,2-bis(3,5-dimethylphenyl)-",,
2.0,13.0,-150492.0,['CC12OOC(CC1)(O2)C'],,,Products,,
6.31,15.0,-226154.0,['C123CCCC1(CC2)C3'],,,"Cyclohexane, 1,3-bis(methylene)-",,
2.97,9.0,,['CC1=CC=C(C=C1)\\C=C\\C1=CC=C(C=C1)C'],,,"(Z)-1,2-bis(4-methylphenyl)ethene",,
2.4,-10.0,,['C(\\C=C\\CCCC)=O'],,,Products,,
,,,['C(\\C=C\\CCCC)=O'],,,Products,,
7.1,-1.0,,['C(\\C=C\\CCCC)=O'],,,Products,,
,,,['C(\\C=C\\CCCC)=O'],,,Products,,
6.31,11.0,-157144.0,[None],,,Products,,
6.31,11.0,-157975.0,['[N+](=O)([O-])C1=CC=CC=2C1=NO[N+]2[O-]'],,,Products,,
3.16,16.0,-157144.0,['CC1C=C1'],,,1-butyne,,
6.81,-1.0,2602.0,['CC=C1CC1'],,,"Cyclopropane, ethylidene-",,
7.83,13.0,-167952.0,['CC=C1CC1'],,,"Cyclopropane, ethylidene-",,
1.14,14.0,-170447.0,['C(C)=C1CC1'],,,"Cyclopropane, methylmethylene-",,
4.17,12.0,-177930.0,['C(C)(=O)OC1CCCCCC1'],,,CH_3C(O)OH,(Z)-Cycloheptene,
3.55,12.0,-197053.0,['C(C)OC1=NC(=CC=C1)C'],,,C_2H_4,"2(1H)-Pyridinone, 6-methyl-",
9.3,-13.0,,['ClC(C(CCl)Cl)Cl'],,,Products,,
1.0,15.0,-407409.0,['[OH-].[Sr+2].[OH-]'],,,(.)OH,SrOH,
3.0,12.0,-314287.0,['[OH-].[Sr+2].[OH-]'],,,SrO,H_2O,
1.07,-2.0,,['COC1=CC=C(C=C1)NC(OC(C)(C)C)=O'],,,4-Methoxybenzeneamine,Isobutene,CO_2
1.21,-2.0,,['CC=1C=C(C=CC1)NC(OC(C)(C)C)=O'],,,3-Methylbenzenamine,Isobutene,CO_2
1.3,7.0,-77574.0,[None],,,BH_3,Tetraborane(8),
1.65,7.0,-73167.0,[None],,,Products,,
1.15,15.0,-206199.0,['C[Si]([SiH3])(C)C'],,,(CH_3)3SiH,SiH_2,
6.0,11.0,-98942.0,[None],,,H_2,Tetraborane(8),
6.0,11.0,-98942.0,[None],,,Products,,
2.51,13.0,-222828.0,['ClC[SiH](C1=CC=CC=C1)C'],,,Phenyl dimethylchlorosilane,,
3.11,12.0,-227700.0,['ClCCC1=CC=C(C=C1)OC'],,,"Benzene, 1-ethenyl-4-methoxy-",HCl,
2.51,9.0,-169615.0,[None],,,[3.3.2]Propellane,,
1.0,16.0,-251929.0,[None],,,Other Products,"1,2-Dimethylbenzene",
4.13,-10.0,,['C(CC=CCCCC)O'],,,Products,,
1.05,3.0,,['CC1(C(O1)=O)C'],,,Acetone,CO,
2.41,13.0,-171278.0,[None],,,"Benzene, 3-cyclopenten-1-yl-",,
,,,['[N+](=O)(O)[O-].NC(=O)N'],,,Products,,
8.51,12.0,-196222.0,['CC(C)C1C=CC=CC=C1'],,,Products,,
2.19,14.0,-219502.0,['CC(C)C1C=CC=CC=C1'],,,Products,,
6.76,14.0,-192896.0,['C(C)C=1C(=NON1)C'],,,Products,,
1.38,13.0,-200379.0,['C(C)C1C=CC=CC=C1'],,,Products,,
9.55,13.0,-213682.0,['C(C)C1C=CC=CC=C1'],,,Products,,
6.31,12.0,-221996.0,['C(C)N1N=C(C=C1C)C'],,,"1H-Pyrazole, 3,5-dimethyl-",C_2H_4,
2.88,12.0,-105594.0,['C/1=C\\CC\\C=C\\CC1'],,,"Cyclobutane,trans-1,2-diethenyl-",,
3.11,-11.0,,[None],,,Products,,
6.0,-2.0,,['C(C)(=O)OC1C(CCCC1)=O'],,,CH_3C(O)OH,2-Cyclohexen-1-one,
3.98,10.0,-151323.0,['CC(C)(C)NC(OC1=CC=CC=C1)=O'],,,Isobutene,Carbamic acid phenyl ester,
2.4,1.0,,['CC(C)(C)NC(OC1=CC=CC=C1)=O'],,,Isobutene,Carbamic acid phenyl ester,
3.47,12.0,-182918.0,['CC1=C(CC=CC1)C'],,,"1,2-Dimethylbenzene",H_2,
1.35,13.0,-195390.0,['ClC=1N=NC(=CC1)OCC'],,,C_2H_4,"3(2H)-Pyridazinone, 6-chloro-",
1.41,14.0,-200379.0,['O1N=C(C(=N1)N)N'],,,Products,,
1.71,12.0,-173772.0,['CC12CCC2(C1)C'],,,"Cyclopentene, 1,3-dimethyl-",,
1.66,17.0,-240288.0,['CC12CCC2(C1)C'],,,"2,4-Dimethyl 1,4-pentadiene",,
7.94,13.0,-167952.0,['C12(CC2C1)C#N'],,,CH_2=CHC(CN)=CH_2,,
1.29,14.0,-206199.0,['C(=C)C1(CC1)C'],,,1-Methylcyclopentene,,
,,,['C[C@@H]1C(OC([C@@H]1C)=O)=O'],,,Products,,
1.32,12.0,-152155.0,['CC(C)(C)OC(=O)C=1OC=CC1'],,,2-Furancarboxylic acid,Isobutene,
4.36,14.0,-183750.0,['C(C)(=O)OC1(CCCCC1)C'],,,Other Products,CH_3C(O)OH,
1.1,13.0,-206800.0,['CN(C(C(=O)OCC)=O)C'],,,Products,,
3.5,13.0,-215345.0,[None],,,C_6D_5CD_3,,
6.31,16.0,-163795.0,[None],,,(CH_3)2CHO(.),(CH_3)2CHO(.),
2.5,15.0,-155481.0,[None],,,(CH_3)2CHO(.),(CH_3)2CHO(.),
1.4,15.0,-153818.0,[None],,,(CH_3)2CHO(.),(CH_3)2CHO(.),
1.2,8.0,-115571.0,['CC(C(=O)O)(C1=CCCCCC1)C'],,,Other Products,CO_2,
3.96,9.0,-134694.0,['CC(C(=O)O)(C1=CCCCC1)C'],,,Other Products,CO_2,
3.25,8.0,-121391.0,['CC(C(=O)O)(C1=CCCC1)C'],,,CO_2,"Cyclopentene, 1-(1-methylethyl)-",
2.64,11.0,-164627.0,['CC(C(=O)O)(C=CC)C'],,,CO_2,"2-Pentene, 4-methyl-",
6.61,-13.0,-133032.0,['CC1=CC(CC(C1)(C)C)=C'],,,Products,,
2.71,-9.0,-223784.0,[None],,,AlCl,(.)Cl,
1.92,14.0,-268483.0,[None],,,AlCl,(.)Cl,
6.01,13.0,-248603.0,['C1(=CC=CC=C1)C1CCCCCCC1'],,,Products,,
1.11,11.0,-1621.0,['CC=1C=C(C(=O)OC(C)(C)C)C=CC1'],,,3-Methylbenzoic acid,Isobutene,
9.55,-1.0,,['CC=1C=C(C(=O)OC(C)(C)C)C=CC1'],,,3-Methylbenzoic acid,Isobutene,
3.67,10.0,-153818.0,['ClC=1C=C(C(=O)OC(C)(C)C)C=CC1'],,,Isobutene,"Benzoic acid, 3-chloro-",
,,,['ClC=1C=C(C(=O)OC(C)(C)C)C=CC1'],,,Isobutene,"Benzoic acid, 3-chloro-",
1.48,13.0,-164627.0,['CC(C)(C)OC(CC1=CC=CC=C1)=O'],,,Benzeneacetic acid,Isobutene,
1.58,13.0,-164627.0,['CC(C)(C)OC(CC1=CC=CC=C1)=O'],,,Benzeneacetic acid,Isobutene,
2.6,-10.0,,['C(C\\C=C\\C)#N'],,,Products,,
3.98,14.0,-251929.0,['C(#CCC)C=1C=CC=CC1'],,,Benzyl,(.)CH_2C≡CH,
5.75,14.0,-251929.0,['COC1(CC1)C'],,,Products,,
7.94,13.0,-154649.0,['CC1=CC(C1)(C)C'],,,"2,4-dimethylpenta-1,3-diene",,
8.51,13.0,-151323.0,['CC1(C=CC1)C'],,,(CH_3)2C=CHCH=CH_2,,
3.15,10.0,-97279.0,['C(=C)[C@H]1[C@H](CC1)C=C'],,,"(Z,Z)-1,5-Cyclooctadiene",,
,,,['C(=C)[C@H]1[C@H](CC1)C=C'],,,"1,5-Cyclooctadiene (unspecified)",,
1.58,12.0,-231974.0,['C[Si]1(CC(=C(C1)C)C)C'],,,Products,,
4.79,12.0,-187907.0,['CC(C)OC1=NC=CC=C1'],,,CH_3CH=CH_2,2(1H)-Pyridinone,
1.92,-3.0,,[None],,,"1,3-Butadiene",(CH_3)2Si,
3.16,13.0,-255254.0,[None],,,"1,3-Butadiene",(CH_3)2Si,
3.16,13.0,-255254.0,[None],,,Products,,
1.58,12.0,-231974.0,[None],,,Products,,
3.0,14.0,-238260.0,[None],,,C_2H_2,HCN,(.)C_2H
1.66,-10.0,,[None],,,Adduct,,
2.26,-8.0,-174604.0,[None],,,C_2H_2,CH_2=CHCH=CH(.),
6.0,9.0,-76300.0,[None],,,Benzene,H(.),
3.16,13.0,-118897.0,[None],,,Benzene,H(.),
1.3,16.0,-138852.0,[None],,,Benzene,H(.),
3.16,14.0,-134694.0,['C(=C)C1N=NCC1'],,,Vinylcyclopropane,N_2,
2.4,-2.0,,['C(=C)C1N=NCC1'],,,Vinylcyclopropane,N_2,
8.8,-11.0,,['CC1=C(C=O)C=CC(=C1)C'],,,Products,,
5.01,12.0,-205367.0,['C=C1CC(C1)C#N'],,,CH_2CHCN,CH_2=C=CH_2,
6.31,12.0,-221996.0,['CC(C)(C)N1N=CC=C1'],,,Isobutene,Pyrazole,
5.62,13.0,-231142.0,[None],,,"Benzene,(4-pentenyl)-",HCl,
3.26,12.0,-177930.0,['C(C)OC=1SC=CN1'],,,C_2H_4,2(3H)-Thiazolone,
,,,['C[C@H]1[C@@H](CC1)C'],,,"Cyclobutane, 1,2-dimethyl-, cis-",,
2.8,15.0,-257749.0,['C[C@H]1[C@@H](CC1)C'],,,CH_3CH=CH_2,CH_3CH=CH_2,
2.9,15.0,-265232.0,['C[C@H]1[C@@H](CC1)C'],,,C_2H_4,CH_3CH=CHCH_3,
4.7,15.0,-259412.0,['C[C@H]1[C@@H](CC1)C'],,,Products,,
,,,['C[C@H]1[C@H](CC1)C'],,,"Cyclobutane, 1,2-dimethyl-, trans-",,
3.0,15.0,-252760.0,['C[C@H]1[C@H](CC1)C'],,,CH_3CH=CH_2,CH_3CH=CH_2,
3.7,15.0,-263569.0,['C[C@H]1[C@H](CC1)C'],,,C_2H_4,CH_3CH=CHCH_3,
4.8,15.0,-254423.0,['C[C@H]1[C@H](CC1)C'],,,Products,,
6.15,13.0,-174679.0,[None],,,"1,3-Cyclohexadiene",H(.),
2.25,13.0,-134412.0,[None],,,CH_2=CHCH_2CH((.))CH=CH_2,,
1.12,13.0,-207862.0,['CC(C)(C)NC1=CC=C(C=C1)OC'],,,4-Methoxybenzeneamine,Isobutene,
3.16,14.0,-210356.0,['CC(C)(OC1=CC=C(C=C1)OC)C'],,,Isobutene,4-Methoxyphenol,
,,,['FC1(C(C(C(C1)F)(F)F)(F)F)F'],,,Products,,
2.17,13.0,-196222.0,[None],,,CH_3C(O)OH,1-Methylcyclohexene,
1.81,13.0,-196222.0,[None],,,CH_3C(O)OH,3-methylcyclohexene,
6.31,13.0,-201210.0,[None],,,CH_3C(O)OH,3-methylcyclohexene,
1.12,15.0,-198716.0,['C(=C)C1=NN=NN1C'],,,Other Products,N_2,
2.4,15.0,-179593.0,['C(=C)C=1N=NN(N1)C'],,,Other Products,N_2,
1.58,13.0,-222828.0,['C(C1=CC=CC=C1)(=O)C(=O)OC'],,,CH_2O,Benzaldehyde,CO
1.45,14.0,-221165.0,['CC1CC(C1)=C'],,,CH_2=C(CH_3)CH_2CH=CH_2,,
4.31,15.0,-183750.0,['FC1(C(OC1(C)C)=O)F'],,,CO_2,F_2C=C(CH_3)2,
3.47,15.0,-262737.0,[None],,,Products,,
1.15,15.0,-247771.0,[None],,,CH_3CH=CH_2,"1,3-Cyclohexadiene",
5.37,14.0,-243614.0,[None],,,CH_3CH=CH_2,"1,3-Cyclohexadiene",
1.32,15.0,-247771.0,[None],,,C_2H_4,"5-Methyl-1,3-cyclohexadiene",
1.2,15.0,-247771.0,[None],,,C_2H_4,"5-Methyl-1,3-cyclohexadiene",
1.32,14.0,-290175.0,['CC=1OC=CC1C'],,,Products,,
5.01,10.0,-168784.0,['C(CC#CCCCC)O'],,,CH_2O,CH_2=C=CHCH_2CH_2CH_2CH_3,
1.1,13.0,-240100.0,['C1(=CC=CC=C1)CC(C)O'],,,CH_3CHO,Toluene,
1.5,12.0,-224300.0,['C1(=CC=CC=C1)CC(C)O'],,,Other Products,Indene,
1.1,13.0,-233500.0,['C1(=CC=CC=C1)CC(C)O'],,,Products,,
5.01,13.0,-203342.0,['[SiH3][SiH]([SiH3])[SiH2][SiH3]'],,,SiH_3Si(:)SiH(SiH_3)2,H_2,
1.0,13.0,-201250.0,['[SiH3][SiH2][SiH2][SiH2][SiH3]'],,,SiH_3SiH_2Si(:)SiH_2SiH_3,H_2,
2.51,13.0,-215894.0,['[SiH3][SiH2][SiH2][SiH2][SiH3]'],,,SiH_3SiH_2SiH_2SiH_2SiH:,H_2,
1.16,-10.0,,['COC1=C(C=CC=C1)CC'],,,Products,,
1.24,-10.0,,['COC1=C(C=CC=C1)CC'],,,Products,,
1.2,-10.0,,['COC1=C(C=CC=C1)CC'],,,Products,,
5.6,-1.0,,['COC1=C(C=CC=C1)CC'],,,Products,,
3.9,-1.0,,['COC1=C(C=CC=C1)CC'],,,Products,,
1.15,15.0,-243614.0,[None],,,CH_3CH=CH_2,"1,3-Cyclohexadiene",
1.74,14.0,-234468.0,[None],,,CH_3CH=CH_2,"1,3-Cyclohexadiene",
6.17,14.0,-241951.0,[None],,,C_2H_4,"5-Methyl-1,3-cyclohexadiene",
1.2,14.0,-233637.0,[None],,,C_2H_4,"5-Methyl-1,3-cyclohexadiene",
8.32,12.0,-182087.0,['C(C)(=O)OC(C1=CSC=C1)C'],,,CH_3C(O)OH,"Thiophene, 3-ethyenyl-",
1.15,-2.0,,['CC1=CC=C(C=C1)NC(OC(C)(C)C)=O'],,,4-Methylbenzenamine,Isobutene,CO_2
4.5,16.0,-191648.0,['C=CCCC#C'],,,CH_2CCHCH_2CHCH_2,,
1.26,15.0,-248603.0,['C=CCCC#C'],,,(.)CH_2CH=CH_2,(.)CH_2C≡CH,
5.53,32.0,-428442.0,['C=CCCC#C'],,,Fulvene,H(.),H(.)
,,,[None],,,SiH_3F,SiH_2,
1.59,12.0,-196222.0,['C(C)OC1=NC=CC=C1'],,,C_2H_4,2(1H)-Pyridinone,
1.66,12.0,-196222.0,['C(C)OC1=NC=CC=C1'],,,C_2H_4,2(1H)-Pyridinone,
2.0,4.0,,[None],,,HC(O)OH,HC(O)OH,
3.25,12.0,-15899.0,['C12=CC=CCC1C2'],,,"1,3,5-Cycloheptatriene",,
1.82,14.0,-200832.0,['C12=CC=CCC1C2'],,,Toluene,,
1.8,13.0,-203900.0,['BrCCC1=CC=C(C=C1)OC'],,,"Benzene, 1-ethenyl-4-methoxy-",HBr,
1.0,13.0,-187907.0,['CC(C)O\\C=C/C1=CC=CC=C1'],,,CH_3CH=CH_2,Phenylethanal,
1.58,12.0,-168784.0,['C1(CC=CC1)=O'],,,"1,3-Butadiene",CO,
6.31,13.0,-193727.0,['C1(CC=CC1)=O'],,,"1,3-Butadiene",CO,
3.3,14.0,-214513.0,['C1(CC=CC1)=O'],,,"1,3-Butadiene",CO,
,,,['C1(CC=CC1)=O'],,,"1,3-Butadiene",CO,
9.48,14.0,-256917.0,['CC1=CC=C(C=C1)CCC1=CC=CC=C1'],,,Benzyl,4-Methylbenzyl,
4.27,13.0,-183750.0,['CC1=C(C1)C'],,,CH_2=C=C(CH_3)2,,
1.66,11.0,-168784.0,['C(C=C)OC1CCCCC1'],,,Cyclohexanone,CH_3CH=CH_2,
2.0,13.0,-142177.0,['ClC12CCC2(CC1)Cl'],,,CH_2=C(Cl)CH_2CH_2C)Cl)=CH_2,,
1.11,-1.0,-410070.0,[None],,,Si,(.)Cl,
1.45,-11.0,,[None],,,Cl_2,Br(.),
2.09,-11.0,,[None],,,BrO,(.)Cl,
2.31,-11.0,2910.0,[None],,,Products,,
2.31,-11.0,2910.0,[None],,,Products,,
3.5,-13.0,11668.0,[None],,,Products,,
1.0,14.0,-196300.0,['C(CCCC)(OC)(OC)OC'],,,CH_3CH_2CH_2CH=C(OCH_3)2,CH_3OH,
2.4,14.0,-170400.0,['C(CCCC)(OC)(OC)OC'],,,CH_3CH_2CH_2CH=C(OCH_3)2,CH_3OH,
1.62,14.0,-202873.0,['C12CCCC2C(C1)=O'],,,Cyclopentene,H_2C=C=O,
1.82,11.0,-89796.0,['CC1=CC=C(C(=O)OC(C)(C)C)C=C1'],,,4-Methylbenzoic acid,Isobutene,
8.83,-1.0,,['CC1=CC=C(C(=O)OC(C)(C)C)C=C1'],,,4-Methylbenzoic acid,Isobutene,
2.16,-3.0,,['[N+](=O)([O-])C1=CC=C(C(=O)OC(C)C)C=C1'],,,4-Nitrobenzoic acid,CH_3CH=CH_2,
3.79,-5.0,,['CC(C(=O)O)(C(C1=CC=CC=C1)=C)C'],,,CO_2,"Benzene,(1,2-dimethyl-1-propenyl)-",
2.01,-14.0,,[None],,,NF_2,Cl_2,
1.0,16.0,-181255.0,['Cl(F)(F)(F)(F)F'],,,(.)F,ClF_4,
1.05,13.0,-153818.0,['Cl(F)(F)(F)(F)F'],,,(.)F,ClF_4,
1.91,13.0,-184581.0,['Cl[Si]([Si]([Si](Cl)(Cl)Cl)(Cl)Cl)(Cl)Cl'],,,Si_2Cl_6,SiCl_2,
6.08,-11.0,-76244.0,[None],,,Al,Cl_2,
,,,[None],,,SiCl_3,,
,,,[None],,,Si_2Cl_5,,
2.41,-11.0,,[None],,,Products,,
,,,[None],,,SiCl_2=SiCl_2,,
2.82,-9.0,-306513.0,[None],,,SiCl,(.)Cl,
2.82,12.0,-195390.0,['Cl[Si]([Si](C)(C)Cl)(C)Cl'],,,(CH_3)2SiCl_2,CH_3SiCl,
5.6,-10.0,,['C12CC(=CCC1C2(C)C)C'],,,Products,,
3.12,-11.0,,['C12CC(=CCC1C2(C)C)C'],,,Products,,
3.4,-11.0,,['C12CC(=CCC1C2(C)C)C'],,,Products,,
5.79,-1.0,,['C12CC(=CCC1C2(C)C)C'],,,Products,,
8.8,-13.0,,[None],,,"Trisilane, octachloro-",,
,,,[None],,,SiCl_3,SiCl_3,
3.09,13.0,-206199.0,[None],,,SiCl_4,SiCl_2,
6.31,13.0,-207862.0,[None],,,SiCl_4,SiCl_2,
,,,[None],,,SiCl_4,SiCl_2,
1.58,14.0,-204536.0,[None],,,SiCl_4,SiCl_2,
7.76,12.0,-208693.0,['C[Si](CC#C)(C)C'],,,(CH_3)3SiCH=C=CH_2,,
3.72,13.0,-200379.0,[None],,,"1,3-Butadiene",HBr,
6.31,12.0,-212850.0,['ClC(C(C)=O)CC'],,,CH_3CH=CHC(=O)CH_3 (unspecified),HCl,
,,,['C1(C=CC=C1)=O'],,,CO,Vinylacetylene,
3.0,-1.0,-66944.0,['C1(C=CC=C1)=O'],,,C_2H_2,C_2H_2,CO
1.45,13.0,-157144.0,['C12C=CCC2C(C1)=O'],,,H_2C=C=O,Cyclopentadiene,
1.5,13.0,-300984.0,[None],,,Other Products,Br(.),
1.54,13.0,-300984.0,['BrC1=CC=C(C=C1)[2H]'],,,Br(.),Phenyl-4-d,
1.7,-13.0,,[None],,,Products,,
5.01,12.0,-191233.0,['CC1OC=CCC1'],,,C_2H_4,CH_2=CHCOCH_3,
6.31,13.0,-183678.0,[None],,,cyclo-SiH_2SiH_2Si(:),H_2,
7.14,-5.0,-147998.0,[None],,,Fe,Fe,
2.97,23.0,-270220.0,[None],,,SiO,"Cyclodisiloxane-2,4-diylidene-",
7.64,17.0,-230311.0,[None],,,SiO,SiO,
2.01,-10.0,,[None],,,Cs,CsI,
1.0,-10.0,,[None],,,Chlorocyclohexadiene (non specified),,
3.6,-1.0,,[None],,,Benzene,"1,3-Cyclohexadiene",
1.1,-1.0,,[None],,,Benzene,"1,3-Cyclohexadiene",
3.1,-1.0,,[None],,,Other Products,"1,4-Cyclohexadiene",
4.5,-1.0,,[None],,,Adduct,,
3.1,-11.0,,[None],,,Products,,
3.0,-11.0,,[None],,,Products,,
3.0,4.0,,[None],,,Benzene,H(.),
6.5,3.0,,[None],,,Benzene,H(.),
1.6,4.0,,[None],,,Benzene,H(.),
6.75,12.0,-99591.0,[None],,,Benzene,H(.),
3.16,15.0,-205367.0,[None],,,CO,"Manganese, dicarbonyl [(1,2,3,4,5-eta)-1-methyl-2,4-cyclopentadien-1-yl]-",
6.64,-11.0,,[None],,,SiO,N,
3.1,8.0,-81316.0,[None],,,BH_3,Pentaborane(9),
3.8,7.0,-74997.0,[None],,,BH_3,Pentaborane(9),
2.82,-10.0,,[None],,,Cl_2,Cl_2,
2.82,-10.0,,[None],,,Cl_2,Cl_2,
1.26,-18.0,,[None],,,Cl_2,(.)Cl,
7.6,5.0,,[None],,,Cl_2,(.)Cl,
6.0,-11.0,-2000.0,[None],,,Products,,
1.7,6.0,-29101.0,[None],,,Phenyl,H_2O,
8.28,14.0,-102268.0,[None],,,Phenol,H(.),
6.75,11.0,-86776.0,[None],,,Phenol,H(.),
3.0,12.0,-68511.0,[None],,,Benzene,(.)OH,
8.99,12.0,-71255.0,[None],,,Benzene,(.)OH,
6.64,-11.0,-78987.0,[None],,,Benzene,(.)OH,
4.16,11.0,1637.0,[None],,,Benzene,(.)OH,
3.8,-10.0,,['C(CC=CCCC)O'],,,Products,,
1.18,-10.0,,['CC1=C(C(=C(O1)C)C)C'],,,Products,,
2.9,-1.0,,['CC1=C(C(=C(O1)C)C)C'],,,Products,,
2.52,-10.0,,['C(\\C=C\\C)(=O)OCC'],,,Products,,
1.26,14.0,-114740.0,['C1(=CC=CC=C1)[C@@H]1N=N[C@H](C1)C1=CC=CC=C1'],,,Products,,
5.01,11.0,-141346.0,['O=C(C(C(=O)OCC)=NNC1=CC=CC=C1)C'],,,H_2C=C=O,"Acetic acid, (phenylhydrazono)-, ethyl ester",
8.0,11.0,-143300.0,['O=C(C(C(=O)OCC)=NNC1=CC=CC=C1)C'],,,Products,,
3.98,11.0,-162132.0,['C(C)(=O)OC1CC=CCC1'],,,CH_3C(O)OH,"1,4-Cyclohexadiene",
5.01,11.0,-148829.0,['C=CC=CC#C'],,,"3,4-Dimethylenecyclobut-1-ene",,
,,,['C=CC=CC#C'],,,Benzene,,
3.16,12.0,-179593.0,['C(C)(=O)O[C@@H]1CC[C@@H](CC1)C(C)(C)C'],,,CH_3C(O)OH,"Cyclohexene, 4-(1,1-dimethylethyl)-",
2.41,-3.0,,['COC=1C=C(C(=O)OCC)C=CC1'],,,C_2H_4,3-Methoxybenzoic acid,
,,,['COC=1C=C(C(=O)OCC)C=CC1'],,,C_2H_4,3-Methoxybenzoic acid,
1.42,-10.0,,[None],,,Naphthalene,,
2.16,7.0,-184849.0,[None],,,1-Naphthalenyl,,
1.98,15.0,-250266.0,['C(C)C1(COC1)CC'],,,CH_2O,(C_2H_5)2C=CH_2,
,,,['C1(=CC=CC=C1)CC#C'],,,2-propargylphenyl,H_2,
